Category	Code	Command	Path	Name
护身符	ItAt_Amulet_Brotherhood	Summon /Game/Items/Amulet/BP_ItAt_Amulet_Brotherhood_World.BP_ItAt_Amulet_Brotherhood_World_C	/Game/Items/Amulet/BP_ItAt_Amulet_Brotherhood_World.BP_ItAt_Amulet_Brotherhood_World_C	
护身符	ItAt_Amulet_Dexterity_01	Summon /Game/Items/Amulet/BP_ItAt_Amulet_Dexterity_01_World.BP_ItAt_Amulet_Dexterity_01_World_C	/Game/Items/Amulet/BP_ItAt_Amulet_Dexterity_01_World.BP_ItAt_Amulet_Dexterity_01_World_C	
护身符	ItAt_Amulet_Dexterity_02	Summon /Game/Items/Amulet/BP_ItAt_Amulet_Dexterity_02_World.BP_ItAt_Amulet_Dexterity_02_World_C	/Game/Items/Amulet/BP_ItAt_Amulet_Dexterity_02_World.BP_ItAt_Amulet_Dexterity_02_World_C	
护身符	ItAt_Amulet_Enlight	Summon /Game/Items/Amulet/BP_ItAt_Amulet_Enlight_World.BP_ItAt_Amulet_Enlight_World_C	/Game/Items/Amulet/BP_ItAt_Amulet_Enlight_World.BP_ItAt_Amulet_Enlight_World_C	
护身符	ItAt_Amulet_Fire	Summon /Game/Items/Amulet/BP_ItAt_Amulet_Fire_World.BP_ItAt_Amulet_Fire_World_C	/Game/Items/Amulet/BP_ItAt_Amulet_Fire_World.BP_ItAt_Amulet_Fire_World_C	
护身符	ItAt_Amulet_Innos	Summon /Game/Items/Amulet/BP_ItAt_Amulet_Innos_World.BP_ItAt_Amulet_Innos_World_C	/Game/Items/Amulet/BP_ItAt_Amulet_Innos_World.BP_ItAt_Amulet_Innos_World_C	
护身符	ItAt_Amulet_Life	Summon /Game/Items/Amulet/BP_ItAt_Amulet_Life_World.BP_ItAt_Amulet_Life_World_C	/Game/Items/Amulet/BP_ItAt_Amulet_Life_World.BP_ItAt_Amulet_Life_World_C	
护身符	ItAt_Amulet_Magic_01	Summon /Game/Items/Amulet/BP_ItAt_Amulet_Magic_01_World.BP_ItAt_Amulet_Magic_01_World_C	/Game/Items/Amulet/BP_ItAt_Amulet_Magic_01_World.BP_ItAt_Amulet_Magic_01_World_C	
护身符	ItAt_Amulet_Magic_02	Summon /Game/Items/Amulet/BP_ItAt_Amulet_Magic_02_World.BP_ItAt_Amulet_Magic_02_World_C	/Game/Items/Amulet/BP_ItAt_Amulet_Magic_02_World.BP_ItAt_Amulet_Magic_02_World_C	
护身符	ItAt_Amulet_Magicfire	Summon /Game/Items/Amulet/BP_ItAt_Amulet_Magicfire_World.BP_ItAt_Amulet_Magicfire_World_C	/Game/Items/Amulet/BP_ItAt_Amulet_Magicfire_World.BP_ItAt_Amulet_Magicfire_World_C	
护身符	ItAt_Amulet_Neks	Summon /Game/Items/Amulet/BP_ItAt_Amulet_Neks_World.BP_ItAt_Amulet_Neks_World_C	/Game/Items/Amulet/BP_ItAt_Amulet_Neks_World.BP_ItAt_Amulet_Neks_World_C	
护身符	ItAt_Amulet_Orc	Summon /Game/Items/Amulet/BP_ItAt_Amulet_Orc_World.BP_ItAt_Amulet_Orc_World_C	/Game/Items/Amulet/BP_ItAt_Amulet_Orc_World.BP_ItAt_Amulet_Orc_World_C	
护身符	ItAt_Amulet_OrcMummy	Summon /Game/Items/Amulet/BP_ItAt_Amulet_OrcMummy_World.BP_ItAt_Amulet_OrcMummy_World_C	/Game/Items/Amulet/BP_ItAt_Amulet_OrcMummy_World.BP_ItAt_Amulet_OrcMummy_World_C	
护身符	ItAt_Amulet_Power	Summon /Game/Items/Amulet/BP_ItAt_Amulet_Power_World.BP_ItAt_Amulet_Power_World_C	/Game/Items/Amulet/BP_ItAt_Amulet_Power_World.BP_ItAt_Amulet_Power_World_C	
护身符	ItAt_Amulet_Projectile	Summon /Game/Items/Amulet/BP_ItAt_Amulet_Projectile_World.BP_ItAt_Amulet_Projectile_World_C	/Game/Items/Amulet/BP_ItAt_Amulet_Projectile_World.BP_ItAt_Amulet_Projectile_World_C	
护身符	ItAt_Amulet_Protection	Summon /Game/Items/Amulet/BP_ItAt_Amulet_Protection_World.BP_ItAt_Amulet_Protection_World_C	/Game/Items/Amulet/BP_ItAt_Amulet_Protection_World.BP_ItAt_Amulet_Protection_World_C	
护身符	ItAt_Amulet_Ranged	Summon /Game/Items/Amulet/BP_ItAt_Amulet_Ranged_World.BP_ItAt_Amulet_Ranged_World_C	/Game/Items/Amulet/BP_ItAt_Amulet_Ranged_World.BP_ItAt_Amulet_Ranged_World_C	
护身符	ItAt_Amulet_Strong_01	Summon /Game/Items/Amulet/BP_ItAt_Amulet_Strong_01_World.BP_ItAt_Amulet_Strong_01_World_C	/Game/Items/Amulet/BP_ItAt_Amulet_Strong_01_World.BP_ItAt_Amulet_Strong_01_World_C	
护身符	ItAt_Amulet_Strong_02	Summon /Game/Items/Amulet/BP_ItAt_Amulet_Strong_02_World.BP_ItAt_Amulet_Strong_02_World_C	/Game/Items/Amulet/BP_ItAt_Amulet_Strong_02_World.BP_ItAt_Amulet_Strong_02_World_C	
护身符	ItAt_Amulet_Ulu_Talisman	Summon /Game/Items/Amulet/BP_ItAt_Amulet_Ulu_Talisman_World.BP_ItAt_Amulet_Ulu_Talisman_World_C	/Game/Items/Amulet/BP_ItAt_Amulet_Ulu_Talisman_World.BP_ItAt_Amulet_Ulu_Talisman_World_C	
护身符	ItAt_Amulet_Water	Summon /Game/Items/Amulet/BP_ItAt_Amulet_Water_World.BP_ItAt_Amulet_Water_World_C	/Game/Items/Amulet/BP_ItAt_Amulet_Water_World.BP_ItAt_Amulet_Water_World_C	
护身符	ItAt_Amulet_Weapon	Summon /Game/Items/Amulet/BP_ItAt_Amulet_Weapon_World.BP_ItAt_Amulet_Weapon_World_C	/Game/Items/Amulet/BP_ItAt_Amulet_Weapon_World.BP_ItAt_Amulet_Weapon_World_C	
护甲	Crw_Armor_H	Summon /Game/Items/Armor/BP_Crw_Armor_H_World.BP_Crw_Armor_H_World_C	/Game/Items/Armor/BP_Crw_Armor_H_World.BP_Crw_Armor_H_World_C	
护甲	Dmb_Armor_M	Summon /Game/Items/Armor/BP_Dmb_Armor_M_World.BP_Dmb_Armor_M_World_C	/Game/Items/Armor/BP_Dmb_Armor_M_World.BP_Dmb_Armor_M_World_C	
护甲	Ebr_Armor_H_01	Summon /Game/Items/Armor/BP_Ebr_Armor_H_01_World.BP_Ebr_Armor_H_01_World_C	/Game/Items/Armor/BP_Ebr_Armor_H_01_World.BP_Ebr_Armor_H_01_World_C	葛梅兹的铠甲
护甲	Ebr_Armor_H_02	Summon /Game/Items/Armor/BP_Ebr_Armor_H_02_World.BP_Ebr_Armor_H_02_World_C	/Game/Items/Armor/BP_Ebr_Armor_H_02_World.BP_Ebr_Armor_H_02_World_C	
护甲	Ebr_Armor_M	Summon /Game/Items/Armor/BP_Ebr_Armor_M_World.BP_Ebr_Armor_M_World_C	/Game/Items/Armor/BP_Ebr_Armor_M_World.BP_Ebr_Armor_M_World_C	
护甲	Gur_Armor_H	Summon /Game/Items/Armor/BP_Gur_Armor_H_World.BP_Gur_Armor_H_World_C	/Game/Items/Armor/BP_Gur_Armor_H_World.BP_Gur_Armor_H_World_C	
护甲	Gur_Armor_M	Summon /Game/Items/Armor/BP_Gur_Armor_M_World.BP_Gur_Armor_M_World_C	/Game/Items/Armor/BP_Gur_Armor_M_World.BP_Gur_Armor_M_World_C	
护甲	Kdf_Armor_H	Summon /Game/Items/Armor/BP_Kdf_Armor_H_World.BP_Kdf_Armor_H_World_C	/Game/Items/Armor/BP_Kdf_Armor_H_World.BP_Kdf_Armor_H_World_C	
护甲	Kdf_Armor_L	Summon /Game/Items/Armor/BP_Kdf_Armor_L_World.BP_Kdf_Armor_L_World_C	/Game/Items/Armor/BP_Kdf_Armor_L_World.BP_Kdf_Armor_L_World_C	
护甲	Kdw_Armor_H	Summon /Game/Items/Armor/BP_Kdw_Armor_H_World.BP_Kdw_Armor_H_World_C	/Game/Items/Armor/BP_Kdw_Armor_H_World.BP_Kdw_Armor_H_World_C	
护甲	Kdw_Armor_L	Summon /Game/Items/Armor/BP_Kdw_Armor_L_World.BP_Kdw_Armor_L_World_C	/Game/Items/Armor/BP_Kdw_Armor_L_World.BP_Kdw_Armor_L_World_C	
护甲	Law_Armor	Summon /Game/Items/Armor/BP_Law_Armor_World.BP_Law_Armor_World_C	/Game/Items/Armor/BP_Law_Armor_World.BP_Law_Armor_World_C	
护甲	Ore_Armor_H	Summon /Game/Items/Armor/BP_Ore_Armor_H_World.BP_Ore_Armor_H_World_C	/Game/Items/Armor/BP_Ore_Armor_H_World.BP_Ore_Armor_H_World_C	改良矿石铠甲
护甲	Ore_Armor_M	Summon /Game/Items/Armor/BP_Ore_Armor_M_World.BP_Ore_Armor_M_World_C	/Game/Items/Armor/BP_Ore_Armor_M_World.BP_Ore_Armor_M_World_C	
护甲	Sfb_Armor_L	Summon /Game/Items/Armor/BP_Sfb_Armor_L_World.BP_Sfb_Armor_L_World_C	/Game/Items/Armor/BP_Sfb_Armor_L_World.BP_Sfb_Armor_L_World_C	
护甲	Vlk_Armor_L	Summon /Game/Items/Armor/BP_Vlk_Armor_L_World.BP_Vlk_Armor_L_World_C	/Game/Items/Armor/BP_Vlk_Armor_L_World.BP_Vlk_Armor_L_World_C	
护甲	Vlk_Armor_M	Summon /Game/Items/Armor/BP_Vlk_Armor_M_World.BP_Vlk_Armor_M_World_C	/Game/Items/Armor/BP_Vlk_Armor_M_World.BP_Vlk_Armor_M_World_C	
食物	ItFo_SeaforestBrew	Summon /Game/Items/Food/BP_ItFo_SeaforestBrew_World.BP_ItFo_SeaforestBrew_World_C	/Game/Items/Food/BP_ItFo_SeaforestBrew_World.BP_ItFo_SeaforestBrew_World_C	
食物	ItAt_Meatbug_01	Summon /Game/Items/Food/BP_ItAt_Meatbug_01_World.BP_ItAt_Meatbug_01_World_C	/Game/Items/Food/BP_ItAt_Meatbug_01_World.BP_ItAt_Meatbug_01_World_C	
食物	ItFo_Apple	Summon /Game/Items/Food/BP_ItFo_Apple_World.BP_ItFo_Apple_World_C	/Game/Items/Food/BP_ItFo_Apple_World.BP_ItFo_Apple_World_C	
食物	ItFo_Cabbage	Summon /Game/Items/Food/BP_ItFo_Cabbage_World.BP_ItFo_Cabbage_World_C	/Game/Items/Food/BP_ItFo_Cabbage_World.BP_ItFo_Cabbage_World_C	
食物	ItFo_Carrot	Summon /Game/Items/Food/BP_ItFo_Carrot_World.BP_ItFo_Carrot_World_C	/Game/Items/Food/BP_ItFo_Carrot_World.BP_ItFo_Carrot_World_C	
食物	ItFo_Cheese	Summon /Game/Items/Food/BP_ItFo_Cheese_World.BP_ItFo_Cheese_World_C	/Game/Items/Food/BP_ItFo_Cheese_World.BP_ItFo_Cheese_World_C	
食物	ItFo_Crawlersoup	Summon /Game/Items/Food/BP_ItFo_Crawlersoup_World.BP_ItFo_Crawlersoup_World_C	/Game/Items/Food/BP_ItFo_Crawlersoup_World.BP_ItFo_Crawlersoup_World_C	
食物	ItFo_DragonsbreathStew	Summon /Game/Items/Food/BP_ItFo_DragonsbreathStew_World.BP_ItFo_DragonsbreathStew_World_C	/Game/Items/Food/BP_ItFo_DragonsbreathStew_World.BP_ItFo_DragonsbreathStew_World_C	
食物	ItFo_Grilledscavenger	Summon /Game/Items/Food/BP_ItFo_Grilledscavenger_World.BP_ItFo_Grilledscavenger_World_C	/Game/Items/Food/BP_ItFo_Grilledscavenger_World.BP_ItFo_Grilledscavenger_World_C	
食物	ItFo_Lemon	Summon /Game/Items/Food/BP_ItFo_Lemon_World.BP_ItFo_Lemon_World_C	/Game/Items/Food/BP_ItFo_Lemon_World.BP_ItFo_Lemon_World_C	
食物	ItFo_Loaf	Summon /Game/Items/Food/BP_ItFo_Loaf_World.BP_ItFo_Loaf_World_C	/Game/Items/Food/BP_ItFo_Loaf_World.BP_ItFo_Loaf_World_C	
食物	ItFo_Meatbugragout	Summon /Game/Items/Food/BP_ItFo_Meatbugragout_World.BP_ItFo_Meatbugragout_World_C	/Game/Items/Food/BP_ItFo_Meatbugragout_World.BP_ItFo_Meatbugragout_World_C	
食物	ItFo_Meatbugsauteed	Summon /Game/Items/Food/BP_ItFo_Meatbugsauteed_World.BP_ItFo_Meatbugsauteed_World_C	/Game/Items/Food/BP_ItFo_Meatbugsauteed_World.BP_ItFo_Meatbugsauteed_World_C	
食物	ItFo_MushroomStew	Summon /Game/Items/Food/BP_ItFo_MushroomStew_World.BP_ItFo_MushroomStew_World_C	/Game/Items/Food/BP_ItFo_MushroomStew_World.BP_ItFo_MushroomStew_World_C	
食物	ItFo_Mutton_01	Summon /Game/Items/Food/BP_ItFo_Mutton_01_World.BP_ItFo_Mutton_01_World_C	/Game/Items/Food/BP_ItFo_Mutton_01_World.BP_ItFo_Mutton_01_World_C	
食物	ItFo_Mutton_02	Summon /Game/Items/Food/BP_ItFo_Mutton_02_World.BP_ItFo_Mutton_02_World_C	/Game/Items/Food/BP_ItFo_Mutton_02_World.BP_ItFo_Mutton_02_World_C	
食物	ItFo_Muttonraw	Summon /Game/Items/Food/BP_ItFo_Muttonraw_World.BP_ItFo_Muttonraw_World_C	/Game/Items/Food/BP_ItFo_Muttonraw_World.BP_ItFo_Muttonraw_World_C	
食物	ItFo_Onion	Summon /Game/Items/Food/BP_ItFo_Onion_World.BP_ItFo_Onion_World_C	/Game/Items/Food/BP_ItFo_Onion_World.BP_ItFo_Onion_World_C	
食物	ItFo_Ottostew	Summon /Game/Items/Food/BP_ItFo_Ottostew_World.BP_ItFo_Ottostew_World_C	/Game/Items/Food/BP_ItFo_Ottostew_World.BP_ItFo_Ottostew_World_C	
食物	ItFo_Pear	Summon /Game/Items/Food/BP_ItFo_Pear_World.BP_ItFo_Pear_World_C	/Game/Items/Food/BP_ItFo_Pear_World.BP_ItFo_Pear_World_C	
食物	ItFo_Potato	Summon /Game/Items/Food/BP_ItFo_Potato_World.BP_ItFo_Potato_World_C	/Game/Items/Food/BP_ItFo_Potato_World.BP_ItFo_Potato_World_C	
食物	ItFo_Potion_Beer	Summon /Game/Items/Food/BP_ItFo_Potion_Beer_World.BP_ItFo_Potion_Beer_World_C	/Game/Items/Food/BP_ItFo_Potion_Beer_World.BP_ItFo_Potion_Beer_World_C	
食物	ItFo_Potion_Booze	Summon /Game/Items/Food/BP_ItFo_Potion_Booze_World.BP_ItFo_Potion_Booze_World_C	/Game/Items/Food/BP_ItFo_Potion_Booze_World.BP_ItFo_Potion_Booze_World_C	
食物	ItFo_Potion_Strongbeer	Summon /Game/Items/Food/BP_ItFo_Potion_Strongbeer_World.BP_ItFo_Potion_Strongbeer_World_C	/Game/Items/Food/BP_ItFo_Potion_Strongbeer_World.BP_ItFo_Potion_Strongbeer_World_C	
食物	ItFo_Potion_Water_01	Summon /Game/Items/Food/BP_ItFo_Potion_Water_01_World.BP_ItFo_Potion_Water_01_World_C	/Game/Items/Food/BP_ItFo_Potion_Water_01_World.BP_ItFo_Potion_Water_01_World_C	
食物	ItFo_Potion_Wine	Summon /Game/Items/Food/BP_ItFo_Potion_Wine_World.BP_ItFo_Potion_Wine_World_C	/Game/Items/Food/BP_ItFo_Potion_Wine_World.BP_ItFo_Potion_Wine_World_C	
食物	ItFo_Rice	Summon /Game/Items/Food/BP_ItFo_Rice_World.BP_ItFo_Rice_World_C	/Game/Items/Food/BP_ItFo_Rice_World.BP_ItFo_Rice_World_C	
食物	ItFo_Sausage	Summon /Game/Items/Food/BP_ItFo_Sausage_World.BP_ItFo_Sausage_World_C	/Game/Items/Food/BP_ItFo_Sausage_World.BP_ItFo_Sausage_World_C	
食物	ItFo_Soup	Summon /Game/Items/Food/BP_ItFo_Soup_World.BP_ItFo_Soup_World_C	/Game/Items/Food/BP_ItFo_Soup_World.BP_ItFo_Soup_World_C	
食物	ItFo_SyraRecipe	Summon /Game/Items/Food/BP_ItFo_SyraRecipe_World.BP_ItFo_SyraRecipe_World_C	/Game/Items/Food/BP_ItFo_SyraRecipe_World.BP_ItFo_SyraRecipe_World_C	
食物	ItFo_Whitemeat	Summon /Game/Items/Food/BP_ItFo_Whitemeat_World.BP_ItFo_Whitemeat_World_C	/Game/Items/Food/BP_ItFo_Whitemeat_World.BP_ItFo_Whitemeat_World_C	
食物	ItFo_Wineberrys_01	Summon /Game/Items/Food/BP_ItFo_Wineberrys_01_World.BP_ItFo_Wineberrys_01_World_C	/Game/Items/Food/BP_ItFo_Wineberrys_01_World.BP_ItFo_Wineberrys_01_World_C	
草本植物	ItFo_Plants_Berrys_01	Summon /Game/Items/Herb/BP_ItFo_Plants_Berrys_01_Empty_World.BP_ItFo_Plants_Berrys_01_Empty_World_C	/Game/Items/Herb/BP_ItFo_Plants_Berrys_01_Empty_World.BP_ItFo_Plants_Berrys_01_Empty_World_C	
草本植物	ItFo_Plants_Berrys_01	Summon /Game/Items/Herb/BP_ItFo_Plants_Berrys_01_World_Drop.BP_ItFo_Plants_Berrys_01_World_Drop_C	/Game/Items/Herb/BP_ItFo_Plants_Berrys_01_World_Drop.BP_ItFo_Plants_Berrys_01_World_Drop_C	
草本植物	ItFo_Plants_Berrys_01	Summon /Game/Items/Herb/BP_ItFo_Plants_Berrys_01_World.BP_ItFo_Plants_Berrys_01_World_C	/Game/Items/Herb/BP_ItFo_Plants_Berrys_01_World.BP_ItFo_Plants_Berrys_01_World_C	
草本植物	ItFo_Plants_Bloodwood_01	Summon /Game/Items/Herb/BP_ItFo_Plants_Bloodwood_01_Empty_World.BP_ItFo_Plants_Bloodwood_01_Empty_World_C	/Game/Items/Herb/BP_ItFo_Plants_Bloodwood_01_Empty_World.BP_ItFo_Plants_Bloodwood_01_Empty_World_C	
草本植物	ItFo_Plants_Bloodwood_01	Summon /Game/Items/Herb/BP_ItFo_Plants_Bloodwood_01_World_Drop.BP_ItFo_Plants_Bloodwood_01_World_Drop_C	/Game/Items/Herb/BP_ItFo_Plants_Bloodwood_01_World_Drop.BP_ItFo_Plants_Bloodwood_01_World_Drop_C	
草本植物	ItFo_Plants_Bloodwood_01	Summon /Game/Items/Herb/BP_ItFo_Plants_Bloodwood_01_World.BP_ItFo_Plants_Bloodwood_01_World_C	/Game/Items/Herb/BP_ItFo_Plants_Bloodwood_01_World.BP_ItFo_Plants_Bloodwood_01_World_C	
草本植物	ItFo_Plants_Coral	Summon /Game/Items/Herb/BP_ItFo_Plants_Coral_Empty_World.BP_ItFo_Plants_Coral_Empty_World_C	/Game/Items/Herb/BP_ItFo_Plants_Coral_Empty_World.BP_ItFo_Plants_Coral_Empty_World_C	
草本植物	ItFo_Plants_Coral	Summon /Game/Items/Herb/BP_ItFo_Plants_Coral_World_Drop.BP_ItFo_Plants_Coral_World_Drop_C	/Game/Items/Herb/BP_ItFo_Plants_Coral_World_Drop.BP_ItFo_Plants_Coral_World_Drop_C	
草本植物	ItFo_Plants_Coral	Summon /Game/Items/Herb/BP_ItFo_Plants_Coral_World.BP_ItFo_Plants_Coral_World_C	/Game/Items/Herb/BP_ItFo_Plants_Coral_World.BP_ItFo_Plants_Coral_World_C	
草本植物	ItFo_Plants_Darkshade	Summon /Game/Items/Herb/BP_ItFo_Plants_Darkshade_Empty_World.BP_ItFo_Plants_Darkshade_Empty_World_C	/Game/Items/Herb/BP_ItFo_Plants_Darkshade_Empty_World.BP_ItFo_Plants_Darkshade_Empty_World_C	
草本植物	ItFo_Plants_Darkshade	Summon /Game/Items/Herb/BP_ItFo_Plants_Darkshade_World_Drop.BP_ItFo_Plants_Darkshade_World_Drop_C	/Game/Items/Herb/BP_ItFo_Plants_Darkshade_World_Drop.BP_ItFo_Plants_Darkshade_World_Drop_C	
草本植物	ItFo_Plants_Darkshade	Summon /Game/Items/Herb/BP_ItFo_Plants_Darkshade_World.BP_ItFo_Plants_Darkshade_World_C	/Game/Items/Herb/BP_ItFo_Plants_Darkshade_World.BP_ItFo_Plants_Darkshade_World_C	
Herb	ItFo_Plants_Darshade	Summon /Game/Items/Herb/BP_ItFo_Plants_Darshade_Empty_World.BP_ItFo_Plants_Darshade_Empty_World_C	/Game/Items/Herb/BP_ItFo_Plants_Darshade_Empty_World.BP_ItFo_Plants_Darshade_Empty_World_C	
草本植物	ItFo_Plants_Dewleaf	Summon /Game/Items/Herb/BP_ItFo_Plants_Dewleaf_Empty_World.BP_ItFo_Plants_Dewleaf_Empty_World_C	/Game/Items/Herb/BP_ItFo_Plants_Dewleaf_Empty_World.BP_ItFo_Plants_Dewleaf_Empty_World_C	
草本植物	ItFo_Plants_Dewleaf	Summon /Game/Items/Herb/BP_ItFo_Plants_Dewleaf_World_Drop.BP_ItFo_Plants_Dewleaf_World_Drop_C	/Game/Items/Herb/BP_ItFo_Plants_Dewleaf_World_Drop.BP_ItFo_Plants_Dewleaf_World_Drop_C	
草本植物	ItFo_Plants_Dewleaf	Summon /Game/Items/Herb/BP_ItFo_Plants_Dewleaf_World.BP_ItFo_Plants_Dewleaf_World_C	/Game/Items/Herb/BP_ItFo_Plants_Dewleaf_World.BP_ItFo_Plants_Dewleaf_World_C	
草本植物	ItFo_Plants_Duskbell	Summon /Game/Items/Herb/BP_ItFo_Plants_Duskbell_Empty_World.BP_ItFo_Plants_Duskbell_Empty_World_C	/Game/Items/Herb/BP_ItFo_Plants_Duskbell_Empty_World.BP_ItFo_Plants_Duskbell_Empty_World_C	
草本植物	ItFo_Plants_Duskbell	Summon /Game/Items/Herb/BP_ItFo_Plants_Duskbell_World_Drop.BP_ItFo_Plants_Duskbell_World_Drop_C	/Game/Items/Herb/BP_ItFo_Plants_Duskbell_World_Drop.BP_ItFo_Plants_Duskbell_World_Drop_C	
草本植物	ItFo_Plants_Duskbell	Summon /Game/Items/Herb/BP_ItFo_Plants_Duskbell_World.BP_ItFo_Plants_Duskbell_World_C	/Game/Items/Herb/BP_ItFo_Plants_Duskbell_World.BP_ItFo_Plants_Duskbell_World_C	
草本植物	ItFo_Plants_Flameberry_01	Summon /Game/Items/Herb/BP_ItFo_Plants_Flameberry_01_Empty_World.BP_ItFo_Plants_Flameberry_01_Empty_World_C	/Game/Items/Herb/BP_ItFo_Plants_Flameberry_01_Empty_World.BP_ItFo_Plants_Flameberry_01_Empty_World_C	
草本植物	ItFo_Plants_Flameberry_01	Summon /Game/Items/Herb/BP_ItFo_Plants_Flameberry_01_World_Drop.BP_ItFo_Plants_Flameberry_01_World_Drop_C	/Game/Items/Herb/BP_ItFo_Plants_Flameberry_01_World_Drop.BP_ItFo_Plants_Flameberry_01_World_Drop_C	
草本植物	ItFo_Plants_Flameberry_01	Summon /Game/Items/Herb/BP_ItFo_Plants_Flameberry_01_World.BP_ItFo_Plants_Flameberry_01_World_C	/Game/Items/Herb/BP_ItFo_Plants_Flameberry_01_World.BP_ItFo_Plants_Flameberry_01_World_C	
草本植物	ItFo_Plants_Herb_01	Summon /Game/Items/Herb/BP_ItFo_Plants_Herb_01_Empty_World.BP_ItFo_Plants_Herb_01_Empty_World_C	/Game/Items/Herb/BP_ItFo_Plants_Herb_01_Empty_World.BP_ItFo_Plants_Herb_01_Empty_World_C	
草本植物	ItFo_Plants_Herb_01	Summon /Game/Items/Herb/BP_ItFo_Plants_Herb_01_World_Drop.BP_ItFo_Plants_Herb_01_World_Drop_C	/Game/Items/Herb/BP_ItFo_Plants_Herb_01_World_Drop.BP_ItFo_Plants_Herb_01_World_Drop_C	
草本植物	ItFo_Plants_Herb_01	Summon /Game/Items/Herb/BP_ItFo_Plants_Herb_01_World.BP_ItFo_Plants_Herb_01_World_C	/Game/Items/Herb/BP_ItFo_Plants_Herb_01_World.BP_ItFo_Plants_Herb_01_World_C	
草本植物	ItFo_Plants_Herb_02	Summon /Game/Items/Herb/BP_ItFo_Plants_Herb_02_Empty_World.BP_ItFo_Plants_Herb_02_Empty_World_C	/Game/Items/Herb/BP_ItFo_Plants_Herb_02_Empty_World.BP_ItFo_Plants_Herb_02_Empty_World_C	
草本植物	ItFo_Plants_Herb_02	Summon /Game/Items/Herb/BP_ItFo_Plants_Herb_02_World_Drop.BP_ItFo_Plants_Herb_02_World_Drop_C	/Game/Items/Herb/BP_ItFo_Plants_Herb_02_World_Drop.BP_ItFo_Plants_Herb_02_World_Drop_C	
草本植物	ItFo_Plants_Herb_02	Summon /Game/Items/Herb/BP_ItFo_Plants_Herb_02_World.BP_ItFo_Plants_Herb_02_World_C	/Game/Items/Herb/BP_ItFo_Plants_Herb_02_World.BP_ItFo_Plants_Herb_02_World_C	
草本植物	ItFo_Plants_Herb_03	Summon /Game/Items/Herb/BP_ItFo_Plants_Herb_03_Empty_World.BP_ItFo_Plants_Herb_03_Empty_World_C	/Game/Items/Herb/BP_ItFo_Plants_Herb_03_Empty_World.BP_ItFo_Plants_Herb_03_Empty_World_C	
草本植物	ItFo_Plants_Herb_03	Summon /Game/Items/Herb/BP_ItFo_Plants_Herb_03_World_Drop.BP_ItFo_Plants_Herb_03_World_Drop_C	/Game/Items/Herb/BP_ItFo_Plants_Herb_03_World_Drop.BP_ItFo_Plants_Herb_03_World_Drop_C	
草本植物	ItFo_Plants_Herb_03	Summon /Game/Items/Herb/BP_ItFo_Plants_Herb_03_World.BP_ItFo_Plants_Herb_03_World_C	/Game/Items/Herb/BP_ItFo_Plants_Herb_03_World.BP_ItFo_Plants_Herb_03_World_C	
草本植物	ItFo_Plants_Lobelia	Summon /Game/Items/Herb/BP_ItFo_Plants_Lobelia_Empty_World.BP_ItFo_Plants_Lobelia_Empty_World_C	/Game/Items/Herb/BP_ItFo_Plants_Lobelia_Empty_World.BP_ItFo_Plants_Lobelia_Empty_World_C	
草本植物	ItFo_Plants_Lobelia	Summon /Game/Items/Herb/BP_ItFo_Plants_Lobelia_World_Drop.BP_ItFo_Plants_Lobelia_World_Drop_C	/Game/Items/Herb/BP_ItFo_Plants_Lobelia_World_Drop.BP_ItFo_Plants_Lobelia_World_Drop_C	
草本植物	ItFo_Plants_Lobelia	Summon /Game/Items/Herb/BP_ItFo_Plants_Lobelia_World.BP_ItFo_Plants_Lobelia_World_C	/Game/Items/Herb/BP_ItFo_Plants_Lobelia_World.BP_ItFo_Plants_Lobelia_World_C	
草本植物	ItFo_Plants_Mistcap	Summon /Game/Items/Herb/BP_ItFo_Plants_Mistcap_Empty_World.BP_ItFo_Plants_Mistcap_Empty_World_C	/Game/Items/Herb/BP_ItFo_Plants_Mistcap_Empty_World.BP_ItFo_Plants_Mistcap_Empty_World_C	
草本植物	ItFo_Plants_Mistcap	Summon /Game/Items/Herb/BP_ItFo_Plants_Mistcap_World_Drop.BP_ItFo_Plants_Mistcap_World_Drop_C	/Game/Items/Herb/BP_ItFo_Plants_Mistcap_World_Drop.BP_ItFo_Plants_Mistcap_World_Drop_C	
草本植物	ItFo_Plants_Mistcap	Summon /Game/Items/Herb/BP_ItFo_Plants_Mistcap_World.BP_ItFo_Plants_Mistcap_World_C	/Game/Items/Herb/BP_ItFo_Plants_Mistcap_World.BP_ItFo_Plants_Mistcap_World_C	
草本植物	ItFo_Plants_Mountainmoss_01	Summon /Game/Items/Herb/BP_ItFo_Plants_Mountainmoss_01_Empty_World.BP_ItFo_Plants_Mountainmoss_01_Empty_World_C	/Game/Items/Herb/BP_ItFo_Plants_Mountainmoss_01_Empty_World.BP_ItFo_Plants_Mountainmoss_01_Empty_World_C	
草本植物	ItFo_Plants_Mountainmoss_01	Summon /Game/Items/Herb/BP_ItFo_Plants_Mountainmoss_01_World_Drop.BP_ItFo_Plants_Mountainmoss_01_World_Drop_C	/Game/Items/Herb/BP_ItFo_Plants_Mountainmoss_01_World_Drop.BP_ItFo_Plants_Mountainmoss_01_World_Drop_C	
草本植物	ItFo_Plants_Mountainmoss_01	Summon /Game/Items/Herb/BP_ItFo_Plants_Mountainmoss_01_World.BP_ItFo_Plants_Mountainmoss_01_World_C	/Game/Items/Herb/BP_ItFo_Plants_Mountainmoss_01_World.BP_ItFo_Plants_Mountainmoss_01_World_C	
草本植物	ItFo_Plants_Mountainmoss_02	Summon /Game/Items/Herb/BP_ItFo_Plants_Mountainmoss_02_Empty_World.BP_ItFo_Plants_Mountainmoss_02_Empty_World_C	/Game/Items/Herb/BP_ItFo_Plants_Mountainmoss_02_Empty_World.BP_ItFo_Plants_Mountainmoss_02_Empty_World_C	
草本植物	ItFo_Plants_Mountainmoss_02	Summon /Game/Items/Herb/BP_ItFo_Plants_Mountainmoss_02_World_Drop.BP_ItFo_Plants_Mountainmoss_02_World_Drop_C	/Game/Items/Herb/BP_ItFo_Plants_Mountainmoss_02_World_Drop.BP_ItFo_Plants_Mountainmoss_02_World_Drop_C	
草本植物	ItFo_Plants_Mountainmoss_02	Summon /Game/Items/Herb/BP_ItFo_Plants_Mountainmoss_02_World.BP_ItFo_Plants_Mountainmoss_02_World_C	/Game/Items/Herb/BP_ItFo_Plants_Mountainmoss_02_World.BP_ItFo_Plants_Mountainmoss_02_World_C	
草本植物	ItFo_Plants_Mushroom_01	Summon /Game/Items/Herb/BP_ItFo_Plants_Mushroom_01_Empty_World.BP_ItFo_Plants_Mushroom_01_Empty_World_C	/Game/Items/Herb/BP_ItFo_Plants_Mushroom_01_Empty_World.BP_ItFo_Plants_Mushroom_01_Empty_World_C	
草本植物	ItFo_Plants_Mushroom_01	Summon /Game/Items/Herb/BP_ItFo_Plants_Mushroom_01_World_Drop.BP_ItFo_Plants_Mushroom_01_World_Drop_C	/Game/Items/Herb/BP_ItFo_Plants_Mushroom_01_World_Drop.BP_ItFo_Plants_Mushroom_01_World_Drop_C	
草本植物	ItFo_Plants_Mushroom_01	Summon /Game/Items/Herb/BP_ItFo_Plants_Mushroom_01_World.BP_ItFo_Plants_Mushroom_01_World_C	/Game/Items/Herb/BP_ItFo_Plants_Mushroom_01_World.BP_ItFo_Plants_Mushroom_01_World_C	
草本植物	ItFo_Plants_Mushroom_02	Summon /Game/Items/Herb/BP_ItFo_Plants_Mushroom_02_Empty_World.BP_ItFo_Plants_Mushroom_02_Empty_World_C	/Game/Items/Herb/BP_ItFo_Plants_Mushroom_02_Empty_World.BP_ItFo_Plants_Mushroom_02_Empty_World_C	
草本植物	ItFo_Plants_Mushroom_02	Summon /Game/Items/Herb/BP_ItFo_Plants_Mushroom_02_World_Drop.BP_ItFo_Plants_Mushroom_02_World_Drop_C	/Game/Items/Herb/BP_ItFo_Plants_Mushroom_02_World_Drop.BP_ItFo_Plants_Mushroom_02_World_Drop_C	
草本植物	ItFo_Plants_Mushroom_02	Summon /Game/Items/Herb/BP_ItFo_Plants_Mushroom_02_World.BP_ItFo_Plants_Mushroom_02_World_C	/Game/Items/Herb/BP_ItFo_Plants_Mushroom_02_World.BP_ItFo_Plants_Mushroom_02_World_C	
草本植物	ItFo_Plants_Nightshadow_01	Summon /Game/Items/Herb/BP_ItFo_Plants_Nightshadow_01_Empty_World.BP_ItFo_Plants_Nightshadow_01_Empty_World_C	/Game/Items/Herb/BP_ItFo_Plants_Nightshadow_01_Empty_World.BP_ItFo_Plants_Nightshadow_01_Empty_World_C	
草本植物	ItFo_Plants_Nightshadow_01	Summon /Game/Items/Herb/BP_ItFo_Plants_Nightshadow_01_World_Drop.BP_ItFo_Plants_Nightshadow_01_World_Drop_C	/Game/Items/Herb/BP_ItFo_Plants_Nightshadow_01_World_Drop.BP_ItFo_Plants_Nightshadow_01_World_Drop_C	
草本植物	ItFo_Plants_Nightshadow_01	Summon /Game/Items/Herb/BP_ItFo_Plants_Nightshadow_01_World.BP_ItFo_Plants_Nightshadow_01_World_C	/Game/Items/Herb/BP_ItFo_Plants_Nightshadow_01_World.BP_ItFo_Plants_Nightshadow_01_World_C	
草本植物	ItFo_Plants_Nightshadow_02	Summon /Game/Items/Herb/BP_ItFo_Plants_Nightshadow_02_Empty_World.BP_ItFo_Plants_Nightshadow_02_Empty_World_C	/Game/Items/Herb/BP_ItFo_Plants_Nightshadow_02_Empty_World.BP_ItFo_Plants_Nightshadow_02_Empty_World_C	
草本植物	ItFo_Plants_Nightshadow_02	Summon /Game/Items/Herb/BP_ItFo_Plants_Nightshadow_02_World_Drop.BP_ItFo_Plants_Nightshadow_02_World_Drop_C	/Game/Items/Herb/BP_ItFo_Plants_Nightshadow_02_World_Drop.BP_ItFo_Plants_Nightshadow_02_World_Drop_C	
草本植物	ItFo_Plants_Nightshadow_02	Summon /Game/Items/Herb/BP_ItFo_Plants_Nightshadow_02_World.BP_ItFo_Plants_Nightshadow_02_World_C	/Game/Items/Herb/BP_ItFo_Plants_Nightshadow_02_World.BP_ItFo_Plants_Nightshadow_02_World_C	
草本植物	ItFo_Plants_Orcherb_01	Summon /Game/Items/Herb/BP_ItFo_Plants_Orcherb_01_Empty_World.BP_ItFo_Plants_Orcherb_01_Empty_World_C	/Game/Items/Herb/BP_ItFo_Plants_Orcherb_01_Empty_World.BP_ItFo_Plants_Orcherb_01_Empty_World_C	
草本植物	ItFo_Plants_Orcherb_01	Summon /Game/Items/Herb/BP_ItFo_Plants_Orcherb_01_World_Drop.BP_ItFo_Plants_Orcherb_01_World_Drop_C	/Game/Items/Herb/BP_ItFo_Plants_Orcherb_01_World_Drop.BP_ItFo_Plants_Orcherb_01_World_Drop_C	
草本植物	ItFo_Plants_Orcherb_01	Summon /Game/Items/Herb/BP_ItFo_Plants_Orcherb_01_World.BP_ItFo_Plants_Orcherb_01_World_C	/Game/Items/Herb/BP_ItFo_Plants_Orcherb_01_World.BP_ItFo_Plants_Orcherb_01_World_C	
草本植物	ItFo_Plants_Orcherb_02	Summon /Game/Items/Herb/BP_ItFo_Plants_Orcherb_02_Empty_World.BP_ItFo_Plants_Orcherb_02_Empty_World_C	/Game/Items/Herb/BP_ItFo_Plants_Orcherb_02_Empty_World.BP_ItFo_Plants_Orcherb_02_Empty_World_C	
草本植物	ItFo_Plants_Orcherb_02	Summon /Game/Items/Herb/BP_ItFo_Plants_Orcherb_02_World_Drop.BP_ItFo_Plants_Orcherb_02_World_Drop_C	/Game/Items/Herb/BP_ItFo_Plants_Orcherb_02_World_Drop.BP_ItFo_Plants_Orcherb_02_World_Drop_C	
草本植物	ItFo_Plants_Orcherb_02	Summon /Game/Items/Herb/BP_ItFo_Plants_Orcherb_02_World.BP_ItFo_Plants_Orcherb_02_World_C	/Game/Items/Herb/BP_ItFo_Plants_Orcherb_02_World.BP_ItFo_Plants_Orcherb_02_World_C	
草本植物	ItFo_Plants_OrcSpore	Summon /Game/Items/Herb/BP_ItFo_Plants_OrcSpore_Empty_World.BP_ItFo_Plants_OrcSpore_Empty_World_C	/Game/Items/Herb/BP_ItFo_Plants_OrcSpore_Empty_World.BP_ItFo_Plants_OrcSpore_Empty_World_C	
草本植物	ItFo_Plants_OrcSpore	Summon /Game/Items/Herb/BP_ItFo_Plants_OrcSpore_World_Drop.BP_ItFo_Plants_OrcSpore_World_Drop_C	/Game/Items/Herb/BP_ItFo_Plants_OrcSpore_World_Drop.BP_ItFo_Plants_OrcSpore_World_Drop_C	
草本植物	ItFo_Plants_OrcSpore	Summon /Game/Items/Herb/BP_ItFo_Plants_OrcSpore_World.BP_ItFo_Plants_OrcSpore_World_C	/Game/Items/Herb/BP_ItFo_Plants_OrcSpore_World.BP_ItFo_Plants_OrcSpore_World_C	
草本植物	ItFo_Plants_Ravenherb_01	Summon /Game/Items/Herb/BP_ItFo_Plants_Ravenherb_01_Empty_World.BP_ItFo_Plants_Ravenherb_01_Empty_World_C	/Game/Items/Herb/BP_ItFo_Plants_Ravenherb_01_Empty_World.BP_ItFo_Plants_Ravenherb_01_Empty_World_C	
草本植物	ItFo_Plants_Ravenherb_01	Summon /Game/Items/Herb/BP_ItFo_Plants_Ravenherb_01_World_Drop.BP_ItFo_Plants_Ravenherb_01_World_Drop_C	/Game/Items/Herb/BP_ItFo_Plants_Ravenherb_01_World_Drop.BP_ItFo_Plants_Ravenherb_01_World_Drop_C	
草本植物	ItFo_Plants_Ravenherb_01	Summon /Game/Items/Herb/BP_ItFo_Plants_Ravenherb_01_World.BP_ItFo_Plants_Ravenherb_01_World_C	/Game/Items/Herb/BP_ItFo_Plants_Ravenherb_01_World.BP_ItFo_Plants_Ravenherb_01_World_C	
草本植物	ItFo_Plants_Ravenherb_02	Summon /Game/Items/Herb/BP_ItFo_Plants_Ravenherb_02_Empty_World.BP_ItFo_Plants_Ravenherb_02_Empty_World_C	/Game/Items/Herb/BP_ItFo_Plants_Ravenherb_02_Empty_World.BP_ItFo_Plants_Ravenherb_02_Empty_World_C	
草本植物	ItFo_Plants_Ravenherb_02	Summon /Game/Items/Herb/BP_ItFo_Plants_Ravenherb_02_World_Drop.BP_ItFo_Plants_Ravenherb_02_World_Drop_C	/Game/Items/Herb/BP_ItFo_Plants_Ravenherb_02_World_Drop.BP_ItFo_Plants_Ravenherb_02_World_Drop_C	
草本植物	ItFo_Plants_Ravenherb_02	Summon /Game/Items/Herb/BP_ItFo_Plants_Ravenherb_02_World.BP_ItFo_Plants_Ravenherb_02_World_C	/Game/Items/Herb/BP_ItFo_Plants_Ravenherb_02_World.BP_ItFo_Plants_Ravenherb_02_World_C	
草本植物	ItFo_Plants_Seraphis_01	Summon /Game/Items/Herb/BP_ItFo_Plants_Seraphis_01_Empty_World.BP_ItFo_Plants_Seraphis_01_Empty_World_C	/Game/Items/Herb/BP_ItFo_Plants_Seraphis_01_Empty_World.BP_ItFo_Plants_Seraphis_01_Empty_World_C	
草本植物	ItFo_Plants_Seraphis_01	Summon /Game/Items/Herb/BP_ItFo_Plants_Seraphis_01_World_Drop.BP_ItFo_Plants_Seraphis_01_World_Drop_C	/Game/Items/Herb/BP_ItFo_Plants_Seraphis_01_World_Drop.BP_ItFo_Plants_Seraphis_01_World_Drop_C	
草本植物	ItFo_Plants_Seraphis_01	Summon /Game/Items/Herb/BP_ItFo_Plants_Seraphis_01_World.BP_ItFo_Plants_Seraphis_01_World_C	/Game/Items/Herb/BP_ItFo_Plants_Seraphis_01_World.BP_ItFo_Plants_Seraphis_01_World_C	
草本植物	ItFo_Plants_Siren	Summon /Game/Items/Herb/BP_ItFo_Plants_Siren_Empty_World.BP_ItFo_Plants_Siren_Empty_World_C	/Game/Items/Herb/BP_ItFo_Plants_Siren_Empty_World.BP_ItFo_Plants_Siren_Empty_World_C	
草本植物	ItFo_Plants_Siren	Summon /Game/Items/Herb/BP_ItFo_Plants_Siren_World_Drop.BP_ItFo_Plants_Siren_World_Drop_C	/Game/Items/Herb/BP_ItFo_Plants_Siren_World_Drop.BP_ItFo_Plants_Siren_World_Drop_C	
草本植物	ItFo_Plants_Siren	Summon /Game/Items/Herb/BP_ItFo_Plants_Siren_World.BP_ItFo_Plants_Siren_World_C	/Game/Items/Herb/BP_ItFo_Plants_Siren_World.BP_ItFo_Plants_Siren_World_C	
草本植物	ItFo_Plants_Stoneroot_01	Summon /Game/Items/Herb/BP_ItFo_Plants_Stoneroot_01_Empty_World.BP_ItFo_Plants_Stoneroot_01_Empty_World_C	/Game/Items/Herb/BP_ItFo_Plants_Stoneroot_01_Empty_World.BP_ItFo_Plants_Stoneroot_01_Empty_World_C	
草本植物	ItFo_Plants_Stoneroot_01	Summon /Game/Items/Herb/BP_ItFo_Plants_Stoneroot_01_World_Drop.BP_ItFo_Plants_Stoneroot_01_World_Drop_C	/Game/Items/Herb/BP_ItFo_Plants_Stoneroot_01_World_Drop.BP_ItFo_Plants_Stoneroot_01_World_Drop_C	
草本植物	ItFo_Plants_Stoneroot_01	Summon /Game/Items/Herb/BP_ItFo_Plants_Stoneroot_01_World.BP_ItFo_Plants_Stoneroot_01_World_C	/Game/Items/Herb/BP_ItFo_Plants_Stoneroot_01_World.BP_ItFo_Plants_Stoneroot_01_World_C	
草本植物	ItFo_Plants_Stoneroot_02	Summon /Game/Items/Herb/BP_ItFo_Plants_Stoneroot_02_Empty_World.BP_ItFo_Plants_Stoneroot_02_Empty_World_C	/Game/Items/Herb/BP_ItFo_Plants_Stoneroot_02_Empty_World.BP_ItFo_Plants_Stoneroot_02_Empty_World_C	
草本植物	ItFo_Plants_Stoneroot_02	Summon /Game/Items/Herb/BP_ItFo_Plants_Stoneroot_02_World_Drop.BP_ItFo_Plants_Stoneroot_02_World_Drop_C	/Game/Items/Herb/BP_ItFo_Plants_Stoneroot_02_World_Drop.BP_ItFo_Plants_Stoneroot_02_World_Drop_C	
草本植物	ItFo_Plants_Stoneroot_02	Summon /Game/Items/Herb/BP_ItFo_Plants_Stoneroot_02_World.BP_ItFo_Plants_Stoneroot_02_World_C	/Game/Items/Herb/BP_ItFo_Plants_Stoneroot_02_World.BP_ItFo_Plants_Stoneroot_02_World_C	
草本植物	ItFo_Plants_Trollbane	Summon /Game/Items/Herb/BP_ItFo_Plants_Trollbane_Empty_World.BP_ItFo_Plants_Trollbane_Empty_World_C	/Game/Items/Herb/BP_ItFo_Plants_Trollbane_Empty_World.BP_ItFo_Plants_Trollbane_Empty_World_C	
草本植物	ItFo_Plants_Trollbane	Summon /Game/Items/Herb/BP_ItFo_Plants_Trollbane_World_Drop.BP_ItFo_Plants_Trollbane_World_Drop_C	/Game/Items/Herb/BP_ItFo_Plants_Trollbane_World_Drop.BP_ItFo_Plants_Trollbane_World_Drop_C	
草本植物	ItFo_Plants_Trollbane	Summon /Game/Items/Herb/BP_ItFo_Plants_Trollbane_World.BP_ItFo_Plants_Trollbane_World_C	/Game/Items/Herb/BP_ItFo_Plants_Trollbane_World.BP_ItFo_Plants_Trollbane_World_C	
草本植物	ItFo_Plants_Velayis_01	Summon /Game/Items/Herb/BP_ItFo_Plants_Velayis_01_Empty_World.BP_ItFo_Plants_Velayis_01_Empty_World_C	/Game/Items/Herb/BP_ItFo_Plants_Velayis_01_Empty_World.BP_ItFo_Plants_Velayis_01_Empty_World_C	
草本植物	ItFo_Plants_Velayis_01	Summon /Game/Items/Herb/BP_ItFo_Plants_Velayis_01_World_Drop.BP_ItFo_Plants_Velayis_01_World_Drop_C	/Game/Items/Herb/BP_ItFo_Plants_Velayis_01_World_Drop.BP_ItFo_Plants_Velayis_01_World_Drop_C	
草本植物	ItFo_Plants_Velayis_01	Summon /Game/Items/Herb/BP_ItFo_Plants_Velayis_01_World.BP_ItFo_Plants_Velayis_01_World_C	/Game/Items/Herb/BP_ItFo_Plants_Velayis_01_World.BP_ItFo_Plants_Velayis_01_World_C	
草本植物	ItFo_Plants_Widow	Summon /Game/Items/Herb/BP_ItFo_Plants_Widow_Empty_World.BP_ItFo_Plants_Widow_Empty_World_C	/Game/Items/Herb/BP_ItFo_Plants_Widow_Empty_World.BP_ItFo_Plants_Widow_Empty_World_C	
草本植物	ItFo_Plants_Widow	Summon /Game/Items/Herb/BP_ItFo_Plants_Widow_World_Drop.BP_ItFo_Plants_Widow_World_Drop_C	/Game/Items/Herb/BP_ItFo_Plants_Widow_World_Drop.BP_ItFo_Plants_Widow_World_Drop_C	
草本植物	ItFo_Plants_Widow	Summon /Game/Items/Herb/BP_ItFo_Plants_Widow_World.BP_ItFo_Plants_Widow_World_C	/Game/Items/Herb/BP_ItFo_Plants_Widow_World.BP_ItFo_Plants_Widow_World_C	
草本植物	ItMi_Joint_01	Summon /Game/Items/Herb/BP_ItMi_Joint_01_World.BP_ItMi_Joint_01_World_C	/Game/Items/Herb/BP_ItMi_Joint_01_World.BP_ItMi_Joint_01_World_C	
草本植物	ItMi_Joint_02	Summon /Game/Items/Herb/BP_ItMi_Joint_02_World.BP_ItMi_Joint_02_World_C	/Game/Items/Herb/BP_ItMi_Joint_02_World.BP_ItMi_Joint_02_World_C	
草本植物	ItMi_Joint_03	Summon /Game/Items/Herb/BP_ItMi_Joint_03_World.BP_ItMi_Joint_03_World_C	/Game/Items/Herb/BP_ItMi_Joint_03_World.BP_ItMi_Joint_03_World_C	
草本植物	ItMi_Plants_Swampherb_01	Summon /Game/Items/Herb/BP_ItMi_Plants_Swampherb_01_Empty_World.BP_ItMi_Plants_Swampherb_01_Empty_World_C	/Game/Items/Herb/BP_ItMi_Plants_Swampherb_01_Empty_World.BP_ItMi_Plants_Swampherb_01_Empty_World_C	
草本植物	ItMi_Plants_Swampherb_01	Summon /Game/Items/Herb/BP_ItMi_Plants_Swampherb_01_World_Drop.BP_ItMi_Plants_Swampherb_01_World_Drop_C	/Game/Items/Herb/BP_ItMi_Plants_Swampherb_01_World_Drop.BP_ItMi_Plants_Swampherb_01_World_Drop_C	
草本植物	ItMi_Plants_Swampherb_01	Summon /Game/Items/Herb/BP_ItMi_Plants_Swampherb_01_World.BP_ItMi_Plants_Swampherb_01_World_C	/Game/Items/Herb/BP_ItMi_Plants_Swampherb_01_World.BP_ItMi_Plants_Swampherb_01_World_C	
钥匙	ItKe_AbandonedGallery_01	Summon /Game/Items/Key/BP_ItKe_AbandonedGallery_01_World.BP_ItKe_AbandonedGallery_01_World_C	/Game/Items/Key/BP_ItKe_AbandonedGallery_01_World.BP_ItKe_AbandonedGallery_01_World_C	
钥匙	ItKe_AbandonedMine_01	Summon /Game/Items/Key/BP_ItKe_AbandonedMine_01_World.BP_ItKe_AbandonedMine_01_World_C	/Game/Items/Key/BP_ItKe_AbandonedMine_01_World.BP_ItKe_AbandonedMine_01_World_C	
钥匙	ItKe_BanditCell	Summon /Game/Items/Key/BP_ItKe_BanditCell_World.BP_ItKe_BanditCell_World_C	/Game/Items/Key/BP_ItKe_BanditCell_World.BP_ItKe_BanditCell_World_C	
钥匙	ItKe_Berg_01	Summon /Game/Items/Key/BP_ItKe_Berg_01_World.BP_ItKe_Berg_01_World_C	/Game/Items/Key/BP_ItKe_Berg_01_World.BP_ItKe_Berg_01_World_C	
钥匙	ItKe_CaptainShip	Summon /Game/Items/Key/BP_ItKe_CaptainShip_World.BP_ItKe_CaptainShip_World_C	/Game/Items/Key/BP_ItKe_CaptainShip_World.BP_ItKe_CaptainShip_World_C	
钥匙	ItKe_Cavalorn_01	Summon /Game/Items/Key/BP_ItKe_Cavalorn_01_World.BP_ItKe_Cavalorn_01_World_C	/Game/Items/Key/BP_ItKe_Cavalorn_01_World.BP_ItKe_Cavalorn_01_World_C	
钥匙	ItKe_CellarCages_01	Summon /Game/Items/Key/BP_ItKe_CellarCages_01_World.BP_ItKe_CellarCages_01_World_C	/Game/Items/Key/BP_ItKe_CellarCages_01_World.BP_ItKe_CellarCages_01_World_C	
钥匙	ItKe_Dungeonkey	Summon /Game/Items/Key/BP_ItKe_Dungeonkey_World.BP_ItKe_Dungeonkey_World_C	/Game/Items/Key/BP_ItKe_Dungeonkey_World.BP_ItKe_Dungeonkey_World_C	
钥匙	ItKe_FireMagesRoom	Summon /Game/Items/Key/BP_ItKe_FireMagesRoom_World.BP_ItKe_FireMagesRoom_World_C	/Game/Items/Key/BP_ItKe_FireMagesRoom_World.BP_ItKe_FireMagesRoom_World_C	
钥匙	ItKe_FiskStorage	Summon /Game/Items/Key/BP_ItKe_FiskStorage_World.BP_ItKe_FiskStorage_World_C	/Game/Items/Key/BP_ItKe_FiskStorage_World.BP_ItKe_FiskStorage_World_C	
钥匙	ItKe_Focus_04	Summon /Game/Items/Key/BP_ItKe_Focus_04_World.BP_ItKe_Focus_04_World_C	/Game/Items/Key/BP_ItKe_Focus_04_World.BP_ItKe_Focus_04_World_C	
钥匙	ItKe_Focus_05	Summon /Game/Items/Key/BP_ItKe_Focus_05_World.BP_ItKe_Focus_05_World_C	/Game/Items/Key/BP_ItKe_Focus_05_World.BP_ItKe_Focus_05_World_C	
钥匙	ItKe_FocusStone	Summon /Game/Items/Key/BP_ItKe_FocusStone_World.BP_ItKe_FocusStone_World_C	/Game/Items/Key/BP_ItKe_FocusStone_World.BP_ItKe_FocusStone_World_C	
钥匙	ItKe_Freemine	Summon /Game/Items/Key/BP_ItKe_Freemine_World.BP_ItKe_Freemine_World_C	/Game/Items/Key/BP_ItKe_Freemine_World.BP_ItKe_Freemine_World_C	
钥匙	ItKe_Gomez_01	Summon /Game/Items/Key/BP_ItKe_Gomez_01_World.BP_ItKe_Gomez_01_World_C	/Game/Items/Key/BP_ItKe_Gomez_01_World.BP_ItKe_Gomez_01_World_C	
钥匙	ItKe_GomezCastleMaster	Summon /Game/Items/Key/BP_ItKe_GomezCastleMaster_World.BP_ItKe_GomezCastleMaster_World_C	/Game/Items/Key/BP_ItKe_GomezCastleMaster_World.BP_ItKe_GomezCastleMaster_World_C	
钥匙	ItKe_GraveyardLever	Summon /Game/Items/Key/BP_ItKe_GraveyardLever_World.BP_ItKe_GraveyardLever_World_C	/Game/Items/Key/BP_ItKe_GraveyardLever_World.BP_ItKe_GraveyardLever_World_C	
钥匙	ItKe_Kalom_01	Summon /Game/Items/Key/BP_ItKe_Kalom_01_World.BP_ItKe_Kalom_01_World_C	/Game/Items/Key/BP_ItKe_Kalom_01_World.BP_ItKe_Kalom_01_World_C	
钥匙	ItKe_LeeDoor	Summon /Game/Items/Key/BP_ItKe_LeeDoor_World.BP_ItKe_LeeDoor_World_C	/Game/Items/Key/BP_ItKe_LeeDoor_World.BP_ItKe_LeeDoor_World_C	
钥匙	ItKe_LootCage_01	Summon /Game/Items/Key/BP_ItKe_LootCage_01_World.BP_ItKe_LootCage_01_World_C	/Game/Items/Key/BP_ItKe_LootCage_01_World.BP_ItKe_LootCage_01_World_C	
钥匙	ItKe_MerchantCellarDoor	Summon /Game/Items/Key/BP_ItKe_MerchantCellarDoor_World.BP_ItKe_MerchantCellarDoor_World_C	/Game/Items/Key/BP_ItKe_MerchantCellarDoor_World.BP_ItKe_MerchantCellarDoor_World_C	
钥匙	ItKe_Om_02	Summon /Game/Items/Key/BP_ItKe_Om_02_World.BP_ItKe_Om_02_World_C	/Game/Items/Key/BP_ItKe_Om_02_World.BP_ItKe_Om_02_World_C	
钥匙	ItKe_Om_03	Summon /Game/Items/Key/BP_ItKe_Om_03_World.BP_ItKe_Om_03_World_C	/Game/Items/Key/BP_ItKe_Om_03_World.BP_ItKe_Om_03_World_C	
钥匙	ItKe_OrcGraveyard	Summon /Game/Items/Key/BP_ItKe_OrcGraveyard_World.BP_ItKe_OrcGraveyard_World_C	/Game/Items/Key/BP_ItKe_OrcGraveyard_World.BP_ItKe_OrcGraveyard_World_C	
钥匙	ItKe_OrcGraveyardPiece_01	Summon /Game/Items/Key/BP_ItKe_OrcGraveyardPiece_01_World.BP_ItKe_OrcGraveyardPiece_01_World_C	/Game/Items/Key/BP_ItKe_OrcGraveyardPiece_01_World.BP_ItKe_OrcGraveyardPiece_01_World_C	
钥匙	ItKe_OrcGraveyardPiece_02	Summon /Game/Items/Key/BP_ItKe_OrcGraveyardPiece_02_World.BP_ItKe_OrcGraveyardPiece_02_World_C	/Game/Items/Key/BP_ItKe_OrcGraveyardPiece_02_World.BP_ItKe_OrcGraveyardPiece_02_World_C	
钥匙	ItKe_Quentin_01	Summon /Game/Items/Key/BP_ItKe_Quentin_01_World.BP_ItKe_Quentin_01_World_C	/Game/Items/Key/BP_ItKe_Quentin_01_World.BP_ItKe_Quentin_01_World_C	
钥匙	ItKe_RavenTower	Summon /Game/Items/Key/BP_ItKe_RavenTower_World.BP_ItKe_RavenTower_World_C	/Game/Items/Key/BP_ItKe_RavenTower_World.BP_ItKe_RavenTower_World_C	
钥匙	ItKe_Ricelord_01	Summon /Game/Items/Key/BP_ItKe_Ricelord_01_World.BP_ItKe_Ricelord_01_World_C	/Game/Items/Key/BP_ItKe_Ricelord_01_World.BP_ItKe_Ricelord_01_World_C	
钥匙	ItKe_Smith_01	Summon /Game/Items/Key/BP_ItKe_Smith_01_World.BP_ItKe_Smith_01_World_C	/Game/Items/Key/BP_ItKe_Smith_01_World.BP_ItKe_Smith_01_World_C	
钥匙	ItKe_Storage_01	Summon /Game/Items/Key/BP_ItKe_Storage_01_World.BP_ItKe_Storage_01_World_C	/Game/Items/Key/BP_ItKe_Storage_01_World.BP_ItKe_Storage_01_World_C	
钥匙	ItKe_Sunkentower	Summon /Game/Items/Key/BP_ItKe_Sunkentower_World.BP_ItKe_Sunkentower_World_C	/Game/Items/Key/BP_ItKe_Sunkentower_World.BP_ItKe_Sunkentower_World_C	
钥匙	ItKe_TavernDoor	Summon /Game/Items/Key/BP_ItKe_TavernDoor_World.BP_ItKe_TavernDoor_World_C	/Game/Items/Key/BP_ItKe_TavernDoor_World.BP_ItKe_TavernDoor_World_C	
钥匙	ItKe_Tower_01	Summon /Game/Items/Key/BP_ItKe_Tower_01_World.BP_ItKe_Tower_01_World_C	/Game/Items/Key/BP_ItKe_Tower_01_World.BP_ItKe_Tower_01_World_C	
杂项	ItAm_Arrow	Summon /Game/Items/Misc/BP_ItAm_Arrow_World.BP_ItAm_Arrow_World_C	/Game/Items/Misc/BP_ItAm_Arrow_World.BP_ItAm_Arrow_World_C	
杂项	ItAm_Bolt	Summon /Game/Items/Misc/BP_ItAm_Bolt_World.BP_ItAm_Bolt_World_C	/Game/Items/Misc/BP_ItAm_Bolt_World.BP_ItAm_Bolt_World_C	
杂项	ItKe_Lockpick	Summon /Game/Items/Misc/BP_ItKe_Lockpick_World.BP_ItKe_Lockpick_World_C	/Game/Items/Misc/BP_ItKe_Lockpick_World.BP_ItKe_Lockpick_World_C	
杂项	ItLs_Torch	Summon /Game/Items/Misc/BP_ItLs_Torch_World.BP_ItLs_Torch_World_C	/Game/Items/Misc/BP_ItLs_Torch_World.BP_ItLs_Torch_World_C	
杂项	ItLs_Torchburned	Summon /Game/Items/Misc/BP_ItLs_Torchburned_World.BP_ItLs_Torchburned_World_C	/Game/Items/Misc/BP_ItLs_Torchburned_World.BP_ItLs_Torchburned_World_C	
杂项	ItMi_Alchemy_Moleratlubric_01	Summon /Game/Items/Misc/BP_ItMi_Alchemy_Moleratlubric_01_World.BP_ItMi_Alchemy_Moleratlubric_01_World_C	/Game/Items/Misc/BP_ItMi_Alchemy_Moleratlubric_01_World.BP_ItMi_Alchemy_Moleratlubric_01_World_C	
杂项	ItMi_Alchemy_Syranoil_01	Summon /Game/Items/Misc/BP_ItMi_Alchemy_Syranoil_01_World.BP_ItMi_Alchemy_Syranoil_01_World_C	/Game/Items/Misc/BP_ItMi_Alchemy_Syranoil_01_World.BP_ItMi_Alchemy_Syranoil_01_World_C	
杂项	ItMi_Candle_01	Summon /Game/Items/Misc/BP_ItMi_Candle_01_World.BP_ItMi_Candle_01_World_C	/Game/Items/Misc/BP_ItMi_Candle_01_World.BP_ItMi_Candle_01_World_C	
杂项	ItMi_Coop	Summon /Game/Items/Misc/BP_ItMi_Coop_World.BP_ItMi_Coop_World_C	/Game/Items/Misc/BP_ItMi_Coop_World.BP_ItMi_Coop_World_C	
杂项	ItMi_Hammer	Summon /Game/Items/Misc/BP_ItMi_Hammer_World.BP_ItMi_Hammer_World_C	/Game/Items/Misc/BP_ItMi_Hammer_World.BP_ItMi_Hammer_World_C	
杂项	ItMi_Inscription_Parchment	Summon /Game/Items/Misc/BP_ItMi_Inscription_Parchment_World.BP_ItMi_Inscription_Parchment_World_C	/Game/Items/Misc/BP_ItMi_Inscription_Parchment_World.BP_ItMi_Inscription_Parchment_World_C	
杂项	ItMi_JudgeHat	Summon /Game/Items/Misc/BP_ItMi_JudgeHat_World.BP_ItMi_JudgeHat_World_C	/Game/Items/Misc/BP_ItMi_JudgeHat_World.BP_ItMi_JudgeHat_World_C	
杂项	ItMi_Lute	Summon /Game/Items/Misc/BP_ItMi_Lute_World.BP_ItMi_Lute_World_C	/Game/Items/Misc/BP_ItMi_Lute_World.BP_ItMi_Lute_World_C	
杂项	ItMi_Oldcoin_01	Summon /Game/Items/Misc/BP_ItMi_Oldcoin_01_World.BP_ItMi_Oldcoin_01_World_C	/Game/Items/Misc/BP_ItMi_Oldcoin_01_World.BP_ItMi_Oldcoin_01_World_C	
杂项	ItMi_Specialjoint	Summon /Game/Items/Misc/BP_ItMi_Specialjoint_World.BP_ItMi_Specialjoint_World_C	/Game/Items/Misc/BP_ItMi_Specialjoint_World.BP_ItMi_Specialjoint_World_C	
杂项	ItMi_Stomper	Summon /Game/Items/Misc/BP_ItMi_Stomper_World.BP_ItMi_Stomper_World_C	/Game/Items/Misc/BP_ItMi_Stomper_World.BP_ItMi_Stomper_World_C	
杂项	ItMi_Stuff_Alarmhorn	Summon /Game/Items/Misc/BP_ItMi_Stuff_Alarmhorn_World.BP_ItMi_Stuff_Alarmhorn_World_C	/Game/Items/Misc/BP_ItMi_Stuff_Alarmhorn_World.BP_ItMi_Stuff_Alarmhorn_World_C	
杂项	ItMi_Stuff_Amphore_01	Summon /Game/Items/Misc/BP_ItMi_Stuff_Amphore_01_World.BP_ItMi_Stuff_Amphore_01_World_C	/Game/Items/Misc/BP_ItMi_Stuff_Amphore_01_World.BP_ItMi_Stuff_Amphore_01_World_C	
杂项	ItMi_Stuff_Barbknife_01	Summon /Game/Items/Misc/BP_ItMi_Stuff_Barbknife_01_World.BP_ItMi_Stuff_Barbknife_01_World_C	/Game/Items/Misc/BP_ItMi_Stuff_Barbknife_01_World.BP_ItMi_Stuff_Barbknife_01_World_C	
杂项	ItMi_Stuff_Brush	Summon /Game/Items/Misc/BP_ItMi_Stuff_Brush_World.BP_ItMi_Stuff_Brush_World_C	/Game/Items/Misc/BP_ItMi_Stuff_Brush_World.BP_ItMi_Stuff_Brush_World_C	
杂项	ItMi_Stuff_Candlestick_01	Summon /Game/Items/Misc/BP_ItMi_Stuff_Candlestick_01_World.BP_ItMi_Stuff_Candlestick_01_World_C	/Game/Items/Misc/BP_ItMi_Stuff_Candlestick_01_World.BP_ItMi_Stuff_Candlestick_01_World_C	
杂项	ItMi_Stuff_Cup_01	Summon /Game/Items/Misc/BP_ItMi_Stuff_Cup_01_World.BP_ItMi_Stuff_Cup_01_World_C	/Game/Items/Misc/BP_ItMi_Stuff_Cup_01_World.BP_ItMi_Stuff_Cup_01_World_C	
杂项	ItMi_Stuff_Cup_02	Summon /Game/Items/Misc/BP_ItMi_Stuff_Cup_02_World.BP_ItMi_Stuff_Cup_02_World_C	/Game/Items/Misc/BP_ItMi_Stuff_Cup_02_World.BP_ItMi_Stuff_Cup_02_World_C	
杂项	ItMi_Stuff_Gearwheel_01	Summon /Game/Items/Misc/BP_ItMi_Stuff_Gearwheel_01_World.BP_ItMi_Stuff_Gearwheel_01_World_C	/Game/Items/Misc/BP_ItMi_Stuff_Gearwheel_01_World.BP_ItMi_Stuff_Gearwheel_01_World_C	
杂项	ItMi_Stuff_Idologront_01	Summon /Game/Items/Misc/BP_ItMi_Stuff_Idologront_01_World.BP_ItMi_Stuff_Idologront_01_World_C	/Game/Items/Misc/BP_ItMi_Stuff_Idologront_01_World.BP_ItMi_Stuff_Idologront_01_World_C	
杂项	ItMi_Stuff_Idolsleeper_01	Summon /Game/Items/Misc/BP_ItMi_Stuff_Idolsleeper_01_World.BP_ItMi_Stuff_Idolsleeper_01_World_C	/Game/Items/Misc/BP_ItMi_Stuff_Idolsleeper_01_World.BP_ItMi_Stuff_Idolsleeper_01_World_C	
杂项	ItMi_Stuff_Mug_01	Summon /Game/Items/Misc/BP_ItMi_Stuff_Mug_01_World.BP_ItMi_Stuff_Mug_01_World_C	/Game/Items/Misc/BP_ItMi_Stuff_Mug_01_World.BP_ItMi_Stuff_Mug_01_World_C	
杂项	ItMi_Stuff_Pan_01	Summon /Game/Items/Misc/BP_ItMi_Stuff_Pan_01_World.BP_ItMi_Stuff_Pan_01_World_C	/Game/Items/Misc/BP_ItMi_Stuff_Pan_01_World.BP_ItMi_Stuff_Pan_01_World_C	
杂项	ItMi_Stuff_Pipe_01	Summon /Game/Items/Misc/BP_ItMi_Stuff_Pipe_01_World.BP_ItMi_Stuff_Pipe_01_World_C	/Game/Items/Misc/BP_ItMi_Stuff_Pipe_01_World.BP_ItMi_Stuff_Pipe_01_World_C	
杂项	ItMi_Stuff_Plate_01	Summon /Game/Items/Misc/BP_ItMi_Stuff_Plate_01_World.BP_ItMi_Stuff_Plate_01_World_C	/Game/Items/Misc/BP_ItMi_Stuff_Plate_01_World.BP_ItMi_Stuff_Plate_01_World_C	
杂项	ItMi_Stuff_Silverware_01	Summon /Game/Items/Misc/BP_ItMi_Stuff_Silverware_01_World.BP_ItMi_Stuff_Silverware_01_World_C	/Game/Items/Misc/BP_ItMi_Stuff_Silverware_01_World.BP_ItMi_Stuff_Silverware_01_World_C	
杂项	ItMi_UrizielGem_01	Summon /Game/Items/Misc/BP_ItMi_UrizielGem_01_World.BP_ItMi_UrizielGem_01_World_C	/Game/Items/Misc/BP_ItMi_UrizielGem_01_World.BP_ItMi_UrizielGem_01_World_C	
杂项	ItMi_UrizielGem_02	Summon /Game/Items/Misc/BP_ItMi_UrizielGem_02_World.BP_ItMi_UrizielGem_02_World_C	/Game/Items/Misc/BP_ItMi_UrizielGem_02_World.BP_ItMi_UrizielGem_02_World_C	
杂项	ItMi_UrizielGem_03	Summon /Game/Items/Misc/BP_ItMi_UrizielGem_03_World.BP_ItMi_UrizielGem_03_World_C	/Game/Items/Misc/BP_ItMi_UrizielGem_03_World.BP_ItMi_UrizielGem_03_World_C	
杂项	ItMi_UrizielGem_04	Summon /Game/Items/Misc/BP_ItMi_UrizielGem_04_World.BP_ItMi_UrizielGem_04_World_C	/Game/Items/Misc/BP_ItMi_UrizielGem_04_World.BP_ItMi_UrizielGem_04_World_C	
杂项	ItMi_UrizielGem_05	Summon /Game/Items/Misc/BP_ItMi_UrizielGem_05_World.BP_ItMi_UrizielGem_05_World_C	/Game/Items/Misc/BP_ItMi_UrizielGem_05_World.BP_ItMi_UrizielGem_05_World_C	
杂项	ItMi_Wedel	Summon /Game/Items/Misc/BP_ItMi_Wedel_World.BP_ItMi_Wedel_World_C	/Game/Items/Misc/BP_ItMi_Wedel_World.BP_ItMi_Wedel_World_C	
杂项	ItMi_whistle	Summon /Game/Items/Misc/BP_ItMi_whistle_World.BP_ItMi_whistle_World_C	/Game/Items/Misc/BP_ItMi_whistle_World.BP_ItMi_whistle_World_C	
杂项	ItMs_Ashes	Summon /Game/Items/Misc/BP_ItMs_Ashes_World.BP_ItMs_Ashes_World_C	/Game/Items/Misc/BP_ItMs_Ashes_World.BP_ItMs_Ashes_World_C	
杂项	ItMs_Axe_Bran	Summon /Game/Items/Misc/BP_ItMs_Axe_Bran_World.BP_ItMs_Axe_Bran_World_C	/Game/Items/Misc/BP_ItMs_Axe_Bran_World.BP_ItMs_Axe_Bran_World_C	
杂项	ItMs_Demonprank	Summon /Game/Items/Misc/BP_ItMs_Demonprank_World.BP_ItMs_Demonprank_World_C	/Game/Items/Misc/BP_ItMs_Demonprank_World.BP_ItMs_Demonprank_World_C	
杂项	ItMs_DraxHunterKnife	Summon /Game/Items/Misc/BP_ItMs_DraxHunterKnife_World.BP_ItMs_DraxHunterKnife_World_C	/Game/Items/Misc/BP_ItMs_DraxHunterKnife_World.BP_ItMs_DraxHunterKnife_World_C	
杂项	ItMs_ExplosionBarrel	Summon /Game/Items/Misc/BP_ItMs_ExplosionBarrel_World.BP_ItMs_ExplosionBarrel_World_C	/Game/Items/Misc/BP_ItMs_ExplosionBarrel_World.BP_ItMs_ExplosionBarrel_World_C	
杂项	ItMs_ExplosionScroll	Summon /Game/Items/Misc/BP_ItMs_ExplosionScroll_World.BP_ItMs_ExplosionScroll_World_C	/Game/Items/Misc/BP_ItMs_ExplosionScroll_World.BP_ItMs_ExplosionScroll_World_C	
杂项	ItMs_FakeDiggerClothes	Summon /Game/Items/Misc/BP_ItMs_FakeDiggerClothes_World.BP_ItMs_FakeDiggerClothes_World_C	/Game/Items/Misc/BP_ItMs_FakeDiggerClothes_World.BP_ItMs_FakeDiggerClothes_World_C	
杂项	ItMs_Focus_01	Summon /Game/Items/Misc/BP_ItMs_Focus_01_World.BP_ItMs_Focus_01_World_C	/Game/Items/Misc/BP_ItMs_Focus_01_World.BP_ItMs_Focus_01_World_C	
杂项	ItMs_Focus_02	Summon /Game/Items/Misc/BP_ItMs_Focus_02_World.BP_ItMs_Focus_02_World_C	/Game/Items/Misc/BP_ItMs_Focus_02_World.BP_ItMs_Focus_02_World_C	
杂项	ItMs_Focus_03	Summon /Game/Items/Misc/BP_ItMs_Focus_03_World.BP_ItMs_Focus_03_World_C	/Game/Items/Misc/BP_ItMs_Focus_03_World.BP_ItMs_Focus_03_World_C	
杂项	ItMs_Focus_04	Summon /Game/Items/Misc/BP_ItMs_Focus_04_World.BP_ItMs_Focus_04_World_C	/Game/Items/Misc/BP_ItMs_Focus_04_World.BP_ItMs_Focus_04_World_C	
杂项	ItMs_Focus_05_FocusMachine	Summon /Game/Items/Misc/BP_ItMs_Focus_05_FocusMachine_World.BP_ItMs_Focus_05_FocusMachine_World_C	/Game/Items/Misc/BP_ItMs_Focus_05_FocusMachine_World.BP_ItMs_Focus_05_FocusMachine_World_C	
杂项	ItMs_Focus_05	Summon /Game/Items/Misc/BP_ItMs_Focus_05_World.BP_ItMs_Focus_05_World_C	/Game/Items/Misc/BP_ItMs_Focus_05_World.BP_ItMs_Focus_05_World_C	
杂项	ItMs_Glossary	Summon /Game/Items/Misc/BP_ItMs_Glossary_World.BP_ItMs_Glossary_World_C	/Game/Items/Misc/BP_ItMs_Glossary_World.BP_ItMs_Glossary_World_C	
杂项	ItMs_Lightbringer	Summon /Game/Items/Misc/BP_ItMs_Lightbringer_World.BP_ItMs_Lightbringer_World_C	/Game/Items/Misc/BP_ItMs_Lightbringer_World.BP_ItMs_Lightbringer_World_C	
杂项	ItMs_Remedy	Summon /Game/Items/Misc/BP_ItMs_Remedy_World.BP_ItMs_Remedy_World_C	/Game/Items/Misc/BP_ItMs_Remedy_World.BP_ItMs_Remedy_World_C	
杂项	ItMs_ScavengerWhistle	Summon /Game/Items/Misc/BP_ItMs_ScavengerWhistle_World.BP_ItMs_ScavengerWhistle_World_C	/Game/Items/Misc/BP_ItMs_ScavengerWhistle_World.BP_ItMs_ScavengerWhistle_World_C	
杂项	ItMs_Spellblade	Summon /Game/Items/Misc/BP_ItMs_Spellblade_World.BP_ItMs_Spellblade_World_C	/Game/Items/Misc/BP_ItMs_Spellblade_World.BP_ItMs_Spellblade_World_C	
杂项	ItMS_SunkenTowerStone_01	Summon /Game/Items/Misc/BP_ItMS_SunkenTowerStone_01_World.BP_ItMS_SunkenTowerStone_01_World_C	/Game/Items/Misc/BP_ItMS_SunkenTowerStone_01_World.BP_ItMS_SunkenTowerStone_01_World_C	
杂项	ItMS_SunkenTowerStone_02	Summon /Game/Items/Misc/BP_ItMS_SunkenTowerStone_02_World.BP_ItMS_SunkenTowerStone_02_World_C	/Game/Items/Misc/BP_ItMS_SunkenTowerStone_02_World.BP_ItMS_SunkenTowerStone_02_World_C	
杂项	ItMs_Timeblade	Summon /Game/Items/Misc/BP_ItMs_Timeblade_World.BP_ItMs_Timeblade_World_C	/Game/Items/Misc/BP_ItMs_Timeblade_World.BP_ItMs_Timeblade_World_C	
杂项	ItMs_ToyMaker_000	Summon /Game/Items/Misc/BP_ItMs_ToyMaker_000_World.BP_ItMs_ToyMaker_000_World_C	/Game/Items/Misc/BP_ItMs_ToyMaker_000_World.BP_ItMs_ToyMaker_000_World_C	
杂项	ItMs_ToyMaker_001	Summon /Game/Items/Misc/BP_ItMs_ToyMaker_001_World.BP_ItMs_ToyMaker_001_World_C	/Game/Items/Misc/BP_ItMs_ToyMaker_001_World.BP_ItMs_ToyMaker_001_World_C	
杂项	ItMs_ToyMaker_005	Summon /Game/Items/Misc/BP_ItMs_ToyMaker_005_World.BP_ItMs_ToyMaker_005_World_C	/Game/Items/Misc/BP_ItMs_ToyMaker_005_World.BP_ItMs_ToyMaker_005_World_C	
杂项	ItMs_ToyMaker_007	Summon /Game/Items/Misc/BP_ItMs_ToyMaker_007_World.BP_ItMs_ToyMaker_007_World_C	/Game/Items/Misc/BP_ItMs_ToyMaker_007_World.BP_ItMs_ToyMaker_007_World_C	
杂项	ItMs_ToyMaker_009	Summon /Game/Items/Misc/BP_ItMs_ToyMaker_009_World.BP_ItMs_ToyMaker_009_World_C	/Game/Items/Misc/BP_ItMs_ToyMaker_009_World.BP_ItMs_ToyMaker_009_World_C	
杂项	ItMs_ToyMaker_013	Summon /Game/Items/Misc/BP_ItMs_ToyMaker_013_World.BP_ItMs_ToyMaker_013_World_C	/Game/Items/Misc/BP_ItMs_ToyMaker_013_World.BP_ItMs_ToyMaker_013_World_C	
杂项	ItMs_Uriziel	Summon /Game/Items/Misc/BP_ItMs_Uriziel_World.BP_ItMs_Uriziel_World_C	/Game/Items/Misc/BP_ItMs_Uriziel_World.BP_ItMs_Uriziel_World_C	
杂项	ItMs_Winch	Summon /Game/Items/Misc/BP_ItMs_Winch_World.BP_ItMs_Winch_World_C	/Game/Items/Misc/BP_ItMs_Winch_World.BP_ItMs_Winch_World_C	
杂项	ItMs_Worldsplitter	Summon /Game/Items/Misc/BP_ItMs_Worldsplitter_World.BP_ItMs_Worldsplitter_World_C	/Game/Items/Misc/BP_ItMs_Worldsplitter_World.BP_ItMs_Worldsplitter_World_C	
药水	ItFo_Potion_Dex_01	Summon /Game/Items/Potion/BP_ItFo_Potion_Dex_01_World.BP_ItFo_Potion_Dex_01_World_C	/Game/Items/Potion/BP_ItFo_Potion_Dex_01_World.BP_ItFo_Potion_Dex_01_World_C	
药水	ItFo_Potion_Dex_02	Summon /Game/Items/Potion/BP_ItFo_Potion_Dex_02_World.BP_ItFo_Potion_Dex_02_World_C	/Game/Items/Potion/BP_ItFo_Potion_Dex_02_World.BP_ItFo_Potion_Dex_02_World_C	
药水	ItFo_Potion_Dex_03	Summon /Game/Items/Potion/BP_ItFo_Potion_Dex_03_World.BP_ItFo_Potion_Dex_03_World_C	/Game/Items/Potion/BP_ItFo_Potion_Dex_03_World.BP_ItFo_Potion_Dex_03_World_C	
药水	ItFo_Potion_Haste_01	Summon /Game/Items/Potion/BP_ItFo_Potion_Haste_01_World.BP_ItFo_Potion_Haste_01_World_C	/Game/Items/Potion/BP_ItFo_Potion_Haste_01_World.BP_ItFo_Potion_Haste_01_World_C	
药水	ItFo_Potion_Haste_02	Summon /Game/Items/Potion/BP_ItFo_Potion_Haste_02_World.BP_ItFo_Potion_Haste_02_World_C	/Game/Items/Potion/BP_ItFo_Potion_Haste_02_World.BP_ItFo_Potion_Haste_02_World_C	
药水	ItFo_Potion_Haste_03	Summon /Game/Items/Potion/BP_ItFo_Potion_Haste_03_World.BP_ItFo_Potion_Haste_03_World_C	/Game/Items/Potion/BP_ItFo_Potion_Haste_03_World.BP_ItFo_Potion_Haste_03_World_C	
药水	ItFo_Potion_Health_01	Summon /Game/Items/Potion/BP_ItFo_Potion_Health_01_World.BP_ItFo_Potion_Health_01_World_C	/Game/Items/Potion/BP_ItFo_Potion_Health_01_World.BP_ItFo_Potion_Health_01_World_C	
药水	ItFo_Potion_Health_02	Summon /Game/Items/Potion/BP_ItFo_Potion_Health_02_World.BP_ItFo_Potion_Health_02_World_C	/Game/Items/Potion/BP_ItFo_Potion_Health_02_World.BP_ItFo_Potion_Health_02_World_C	
药水	ItFo_Potion_Health_03	Summon /Game/Items/Potion/BP_ItFo_Potion_Health_03_World.BP_ItFo_Potion_Health_03_World_C	/Game/Items/Potion/BP_ItFo_Potion_Health_03_World.BP_ItFo_Potion_Health_03_World_C	
药水	ItFo_Potion_Health_Perma_01	Summon /Game/Items/Potion/BP_ItFo_Potion_Health_Perma_01_World.BP_ItFo_Potion_Health_Perma_01_World_C	/Game/Items/Potion/BP_ItFo_Potion_Health_Perma_01_World.BP_ItFo_Potion_Health_Perma_01_World_C	
药水	ItFo_Potion_Health_Perma_02	Summon /Game/Items/Potion/BP_ItFo_Potion_Health_Perma_02_World.BP_ItFo_Potion_Health_Perma_02_World_C	/Game/Items/Potion/BP_ItFo_Potion_Health_Perma_02_World.BP_ItFo_Potion_Health_Perma_02_World_C	
药水	ItFo_Potion_Health_Perma_03	Summon /Game/Items/Potion/BP_ItFo_Potion_Health_Perma_03_World.BP_ItFo_Potion_Health_Perma_03_World_C	/Game/Items/Potion/BP_ItFo_Potion_Health_Perma_03_World.BP_ItFo_Potion_Health_Perma_03_World_C	
药水	ItFo_Potion_Health_Quick	Summon /Game/Items/Potion/BP_ItFo_Potion_Health_Quick_World.BP_ItFo_Potion_Health_Quick_World_C	/Game/Items/Potion/BP_ItFo_Potion_Health_Quick_World.BP_ItFo_Potion_Health_Quick_World_C	
药水	ItFo_Potion_Mana_01	Summon /Game/Items/Potion/BP_ItFo_Potion_Mana_01_World.BP_ItFo_Potion_Mana_01_World_C	/Game/Items/Potion/BP_ItFo_Potion_Mana_01_World.BP_ItFo_Potion_Mana_01_World_C	
药水	ItFo_Potion_Mana_02	Summon /Game/Items/Potion/BP_ItFo_Potion_Mana_02_World.BP_ItFo_Potion_Mana_02_World_C	/Game/Items/Potion/BP_ItFo_Potion_Mana_02_World.BP_ItFo_Potion_Mana_02_World_C	
药水	ItFo_Potion_Mana_03	Summon /Game/Items/Potion/BP_ItFo_Potion_Mana_03_World.BP_ItFo_Potion_Mana_03_World_C	/Game/Items/Potion/BP_ItFo_Potion_Mana_03_World.BP_ItFo_Potion_Mana_03_World_C	
药水	ItFo_Potion_Mana_Perma_01	Summon /Game/Items/Potion/BP_ItFo_Potion_Mana_Perma_01_World.BP_ItFo_Potion_Mana_Perma_01_World_C	/Game/Items/Potion/BP_ItFo_Potion_Mana_Perma_01_World.BP_ItFo_Potion_Mana_Perma_01_World_C	
药水	ItFo_Potion_Mana_Perma_02	Summon /Game/Items/Potion/BP_ItFo_Potion_Mana_Perma_02_World.BP_ItFo_Potion_Mana_Perma_02_World_C	/Game/Items/Potion/BP_ItFo_Potion_Mana_Perma_02_World.BP_ItFo_Potion_Mana_Perma_02_World_C	
药水	ItFo_Potion_Mana_Perma_03	Summon /Game/Items/Potion/BP_ItFo_Potion_Mana_Perma_03_World.BP_ItFo_Potion_Mana_Perma_03_World_C	/Game/Items/Potion/BP_ItFo_Potion_Mana_Perma_03_World.BP_ItFo_Potion_Mana_Perma_03_World_C	
药水	ItFo_Potion_Master_01	Summon /Game/Items/Potion/BP_ItFo_Potion_Master_01_World.BP_ItFo_Potion_Master_01_World_C	/Game/Items/Potion/BP_ItFo_Potion_Master_01_World.BP_ItFo_Potion_Master_01_World_C	
药水	ItFo_Potion_Master_02	Summon /Game/Items/Potion/BP_ItFo_Potion_Master_02_World.BP_ItFo_Potion_Master_02_World_C	/Game/Items/Potion/BP_ItFo_Potion_Master_02_World.BP_ItFo_Potion_Master_02_World_C	
药水	ItFo_Potion_Orcmedicine	Summon /Game/Items/Potion/BP_ItFo_Potion_Orcmedicine_World.BP_ItFo_Potion_Orcmedicine_World_C	/Game/Items/Potion/BP_ItFo_Potion_Orcmedicine_World.BP_ItFo_Potion_Orcmedicine_World_C	
药水	ItFo_Potion_Strength_01	Summon /Game/Items/Potion/BP_ItFo_Potion_Strength_01_World.BP_ItFo_Potion_Strength_01_World_C	/Game/Items/Potion/BP_ItFo_Potion_Strength_01_World.BP_ItFo_Potion_Strength_01_World_C	
药水	ItFo_Potion_Strength_02	Summon /Game/Items/Potion/BP_ItFo_Potion_Strength_02_World.BP_ItFo_Potion_Strength_02_World_C	/Game/Items/Potion/BP_ItFo_Potion_Strength_02_World.BP_ItFo_Potion_Strength_02_World_C	
药水	ItFo_Potion_Strength_03	Summon /Game/Items/Potion/BP_ItFo_Potion_Strength_03_World.BP_ItFo_Potion_Strength_03_World_C	/Game/Items/Potion/BP_ItFo_Potion_Strength_03_World.BP_ItFo_Potion_Strength_03_World_C	
戒指	ItAt_Ring_Enlight	Summon /Game/Items/Ring/BP_ItAt_Ring_Enlight_World.BP_ItAt_Ring_Enlight_World_C	/Game/Items/Ring/BP_ItAt_Ring_Enlight_World.BP_ItAt_Ring_Enlight_World_C	
戒指	ItAt_Ring_Fire_01	Summon /Game/Items/Ring/BP_ItAt_Ring_Fire_01_World.BP_ItAt_Ring_Fire_01_World_C	/Game/Items/Ring/BP_ItAt_Ring_Fire_01_World.BP_ItAt_Ring_Fire_01_World_C	
戒指	ItAt_Ring_Fire_02	Summon /Game/Items/Ring/BP_ItAt_Ring_Fire_02_World.BP_ItAt_Ring_Fire_02_World_C	/Game/Items/Ring/BP_ItAt_Ring_Fire_02_World.BP_ItAt_Ring_Fire_02_World_C	
戒指	ItAt_Ring_Life_01	Summon /Game/Items/Ring/BP_ItAt_Ring_Life_01_World.BP_ItAt_Ring_Life_01_World_C	/Game/Items/Ring/BP_ItAt_Ring_Life_01_World.BP_ItAt_Ring_Life_01_World_C	
戒指	ItAt_Ring_Life_02	Summon /Game/Items/Ring/BP_ItAt_Ring_Life_02_World.BP_ItAt_Ring_Life_02_World_C	/Game/Items/Ring/BP_ItAt_Ring_Life_02_World.BP_ItAt_Ring_Life_02_World_C	
戒指	ItAt_Ring_Magic_01	Summon /Game/Items/Ring/BP_ItAt_Ring_Magic_01_World.BP_ItAt_Ring_Magic_01_World_C	/Game/Items/Ring/BP_ItAt_Ring_Magic_01_World.BP_ItAt_Ring_Magic_01_World_C	
戒指	ItAt_Ring_Magic_02	Summon /Game/Items/Ring/BP_ItAt_Ring_Magic_02_World.BP_ItAt_Ring_Magic_02_World_C	/Game/Items/Ring/BP_ItAt_Ring_Magic_02_World.BP_ItAt_Ring_Magic_02_World_C	
戒指	ItAt_Ring_Magic_03	Summon /Game/Items/Ring/BP_ItAt_Ring_Magic_03_World.BP_ItAt_Ring_Magic_03_World_C	/Game/Items/Ring/BP_ItAt_Ring_Magic_03_World.BP_ItAt_Ring_Magic_03_World_C	
戒指	ItAt_Ring_Magicfire_01	Summon /Game/Items/Ring/BP_ItAt_Ring_Magicfire_01_World.BP_ItAt_Ring_Magicfire_01_World_C	/Game/Items/Ring/BP_ItAt_Ring_Magicfire_01_World.BP_ItAt_Ring_Magicfire_01_World_C	
戒指	ItAt_Ring_Magicfire_02	Summon /Game/Items/Ring/BP_ItAt_Ring_Magicfire_02_World.BP_ItAt_Ring_Magicfire_02_World_C	/Game/Items/Ring/BP_ItAt_Ring_Magicfire_02_World.BP_ItAt_Ring_Magicfire_02_World_C	
戒指	ItAt_Ring_Mordrag	Summon /Game/Items/Ring/BP_ItAt_Ring_Mordrag_World.BP_ItAt_Ring_Mordrag_World_C	/Game/Items/Ring/BP_ItAt_Ring_Mordrag_World.BP_ItAt_Ring_Mordrag_World_C	
戒指	ItAt_Ring_Power	Summon /Game/Items/Ring/BP_ItAt_Ring_Power_World.BP_ItAt_Ring_Power_World_C	/Game/Items/Ring/BP_ItAt_Ring_Power_World.BP_ItAt_Ring_Power_World_C	
戒指	ItAt_Ring_Projectile_01	Summon /Game/Items/Ring/BP_ItAt_Ring_Projectile_01_World.BP_ItAt_Ring_Projectile_01_World_C	/Game/Items/Ring/BP_ItAt_Ring_Projectile_01_World.BP_ItAt_Ring_Projectile_01_World_C	
戒指	ItAt_Ring_Projectile_02	Summon /Game/Items/Ring/BP_ItAt_Ring_Projectile_02_World.BP_ItAt_Ring_Projectile_02_World_C	/Game/Items/Ring/BP_ItAt_Ring_Projectile_02_World.BP_ItAt_Ring_Projectile_02_World_C	
戒指	ItAt_Ring_Ranged_01	Summon /Game/Items/Ring/BP_ItAt_Ring_Ranged_01_World.BP_ItAt_Ring_Ranged_01_World_C	/Game/Items/Ring/BP_ItAt_Ring_Ranged_01_World.BP_ItAt_Ring_Ranged_01_World_C	
戒指	ItAt_Ring_Ranged_02	Summon /Game/Items/Ring/BP_ItAt_Ring_Ranged_02_World.BP_ItAt_Ring_Ranged_02_World_C	/Game/Items/Ring/BP_ItAt_Ring_Ranged_02_World.BP_ItAt_Ring_Ranged_02_World_C	
戒指	ItAt_Ring_Scatty	Summon /Game/Items/Ring/BP_ItAt_Ring_Scatty_World.BP_ItAt_Ring_Scatty_World_C	/Game/Items/Ring/BP_ItAt_Ring_Scatty_World.BP_ItAt_Ring_Scatty_World_C	
戒指	ItAt_Ring_Skill_01	Summon /Game/Items/Ring/BP_ItAt_Ring_Skill_01_World.BP_ItAt_Ring_Skill_01_World_C	/Game/Items/Ring/BP_ItAt_Ring_Skill_01_World.BP_ItAt_Ring_Skill_01_World_C	
戒指	ItAt_Ring_Skill_02	Summon /Game/Items/Ring/BP_ItAt_Ring_Skill_02_World.BP_ItAt_Ring_Skill_02_World_C	/Game/Items/Ring/BP_ItAt_Ring_Skill_02_World.BP_ItAt_Ring_Skill_02_World_C	
戒指	ItAt_Ring_Strong_01	Summon /Game/Items/Ring/BP_ItAt_Ring_Strong_01_World.BP_ItAt_Ring_Strong_01_World_C	/Game/Items/Ring/BP_ItAt_Ring_Strong_01_World.BP_ItAt_Ring_Strong_01_World_C	
戒指	ItAt_Ring_Strong_02	Summon /Game/Items/Ring/BP_ItAt_Ring_Strong_02_World.BP_ItAt_Ring_Strong_02_World_C	/Game/Items/Ring/BP_ItAt_Ring_Strong_02_World.BP_ItAt_Ring_Strong_02_World_C	
戒指	ItAt_Ring_Total_01	Summon /Game/Items/Ring/BP_ItAt_Ring_Total_01_World.BP_ItAt_Ring_Total_01_World_C	/Game/Items/Ring/BP_ItAt_Ring_Total_01_World.BP_ItAt_Ring_Total_01_World_C	
戒指	ItAt_Ring_Total_02	Summon /Game/Items/Ring/BP_ItAt_Ring_Total_02_World.BP_ItAt_Ring_Total_02_World_C	/Game/Items/Ring/BP_ItAt_Ring_Total_02_World.BP_ItAt_Ring_Total_02_World_C	
戒指	ItAt_Ring_Weapon_01	Summon /Game/Items/Ring/BP_ItAt_Ring_Weapon_01_World.BP_ItAt_Ring_Weapon_01_World_C	/Game/Items/Ring/BP_ItAt_Ring_Weapon_01_World.BP_ItAt_Ring_Weapon_01_World_C	
戒指	ItAt_Ring_Weapon_02	Summon /Game/Items/Ring/BP_ItAt_Ring_Weapon_02_World.BP_ItAt_Ring_Weapon_02_World_C	/Game/Items/Ring/BP_ItAt_Ring_Weapon_02_World.BP_ItAt_Ring_Weapon_02_World_C	
符石	ItAr_Rune_BallLightning	Summon /Game/Items/Rune/BP_ItAr_Rune_BallLightning_World.BP_ItAr_Rune_BallLightning_World_C	/Game/Items/Rune/BP_ItAr_Rune_BallLightning_World.BP_ItAr_Rune_BallLightning_World_C	
符石	ItAr_Rune_BreathOfDeath	Summon /Game/Items/Rune/BP_ItAr_Rune_BreathOfDeath_World.BP_ItAr_Rune_BreathOfDeath_World_C	/Game/Items/Rune/BP_ItAr_Rune_BreathOfDeath_World.BP_ItAr_Rune_BreathOfDeath_World_C	
符石	ItAr_Rune_ChainLightning	Summon /Game/Items/Rune/BP_ItAr_Rune_ChainLightning_World.BP_ItAr_Rune_ChainLightning_World_C	/Game/Items/Rune/BP_ItAr_Rune_ChainLightning_World.BP_ItAr_Rune_ChainLightning_World_C	
符石	ItAr_Rune_Charm	Summon /Game/Items/Rune/BP_ItAr_Rune_Charm_World.BP_ItAr_Rune_Charm_World_C	/Game/Items/Rune/BP_ItAr_Rune_Charm_World.BP_ItAr_Rune_Charm_World_C	
符石	ItAr_Rune_Control	Summon /Game/Items/Rune/BP_ItAr_Rune_Control_World.BP_ItAr_Rune_Control_World_C	/Game/Items/Rune/BP_ItAr_Rune_Control_World.BP_ItAr_Rune_Control_World_C	
符石	ItAr_Rune_DeathToTheUndead	Summon /Game/Items/Rune/BP_ItAr_Rune_DeathToTheUndead_World.BP_ItAr_Rune_DeathToTheUndead_World_C	/Game/Items/Rune/BP_ItAr_Rune_DeathToTheUndead_World.BP_ItAr_Rune_DeathToTheUndead_World_C	
符石	ItAr_Rune_FireBall	Summon /Game/Items/Rune/BP_ItAr_Rune_FireBall_World.BP_ItAr_Rune_FireBall_World_C	/Game/Items/Rune/BP_ItAr_Rune_FireBall_World.BP_ItAr_Rune_FireBall_World_C	
符石	ItAr_Rune_FireBolt	Summon /Game/Items/Rune/BP_ItAr_Rune_FireBolt_World.BP_ItAr_Rune_FireBolt_World_C	/Game/Items/Rune/BP_ItAr_Rune_FireBolt_World.BP_ItAr_Rune_FireBolt_World_C	
符石	ItAr_Rune_FireRain	Summon /Game/Items/Rune/BP_ItAr_Rune_FireRain_World.BP_ItAr_Rune_FireRain_World_C	/Game/Items/Rune/BP_ItAr_Rune_FireRain_World.BP_ItAr_Rune_FireRain_World_C	
符石	ItAr_Rune_FistOfWind	Summon /Game/Items/Rune/BP_ItAr_Rune_FistOfWind_World.BP_ItAr_Rune_FistOfWind_World_C	/Game/Items/Rune/BP_ItAr_Rune_FistOfWind_World.BP_ItAr_Rune_FistOfWind_World_C	
符石	ItAr_Rune_Heal	Summon /Game/Items/Rune/BP_ItAr_Rune_Heal_World.BP_ItAr_Rune_Heal_World_C	/Game/Items/Rune/BP_ItAr_Rune_Heal_World.BP_ItAr_Rune_Heal_World_C	
符石	ItAr_Rune_IceBlock	Summon /Game/Items/Rune/BP_ItAr_Rune_IceBlock_World.BP_ItAr_Rune_IceBlock_World_C	/Game/Items/Rune/BP_ItAr_Rune_IceBlock_World.BP_ItAr_Rune_IceBlock_World_C	
符石	ItAr_Rune_IceBolt	Summon /Game/Items/Rune/BP_ItAr_Rune_IceBolt_World.BP_ItAr_Rune_IceBolt_World_C	/Game/Items/Rune/BP_ItAr_Rune_IceBolt_World.BP_ItAr_Rune_IceBolt_World_C	
符石	ItAr_Rune_IceWave	Summon /Game/Items/Rune/BP_ItAr_Rune_IceWave_World.BP_ItAr_Rune_IceWave_World_C	/Game/Items/Rune/BP_ItAr_Rune_IceWave_World.BP_ItAr_Rune_IceWave_World_C	
符石	ItAr_Rune_Light	Summon /Game/Items/Rune/BP_ItAr_Rune_Light_World.BP_ItAr_Rune_Light_World_C	/Game/Items/Rune/BP_ItAr_Rune_Light_World.BP_ItAr_Rune_Light_World_C	
符石	ItAr_Rune_Pyrokinesis	Summon /Game/Items/Rune/BP_ItAr_Rune_Pyrokinesis_World.BP_ItAr_Rune_Pyrokinesis_World_C	/Game/Items/Rune/BP_ItAr_Rune_Pyrokinesis_World.BP_ItAr_Rune_Pyrokinesis_World_C	
符石	ItAr_Rune_Sleep	Summon /Game/Items/Rune/BP_ItAr_Rune_Sleep_World.BP_ItAr_Rune_Sleep_World_C	/Game/Items/Rune/BP_ItAr_Rune_Sleep_World.BP_ItAr_Rune_Sleep_World_C	
符石	ItAr_Rune_StormFist	Summon /Game/Items/Rune/BP_ItAr_Rune_StormFist_World.BP_ItAr_Rune_StormFist_World_C	/Game/Items/Rune/BP_ItAr_Rune_StormFist_World.BP_ItAr_Rune_StormFist_World_C	
符石	ItAr_Rune_StormOfFire	Summon /Game/Items/Rune/BP_ItAr_Rune_StormOfFire_World.BP_ItAr_Rune_StormOfFire_World_C	/Game/Items/Rune/BP_ItAr_Rune_StormOfFire_World.BP_ItAr_Rune_StormOfFire_World_C	
符石	ItAr_Rune_Telekinesis	Summon /Game/Items/Rune/BP_ItAr_Rune_Telekinesis_World.BP_ItAr_Rune_Telekinesis_World_C	/Game/Items/Rune/BP_ItAr_Rune_Telekinesis_World.BP_ItAr_Rune_Telekinesis_World_C	
符石	ItAr_Rune_TeleportToMagiciansOfFire	Summon /Game/Items/Rune/BP_ItAr_Rune_TeleportToMagiciansOfFire_World.BP_ItAr_Rune_TeleportToMagiciansOfFire_World_C	/Game/Items/Rune/BP_ItAr_Rune_TeleportToMagiciansOfFire_World.BP_ItAr_Rune_TeleportToMagiciansOfFire_World_C	
符石	ItAr_Rune_TeleportToMagiciansOfWater	Summon /Game/Items/Rune/BP_ItAr_Rune_TeleportToMagiciansOfWater_World.BP_ItAr_Rune_TeleportToMagiciansOfWater_World_C	/Game/Items/Rune/BP_ItAr_Rune_TeleportToMagiciansOfWater_World.BP_ItAr_Rune_TeleportToMagiciansOfWater_World_C	
符石	ItAr_Rune_TeleportToNecromancer	Summon /Game/Items/Rune/BP_ItAr_Rune_TeleportToNecromancer_World.BP_ItAr_Rune_TeleportToNecromancer_World_C	/Game/Items/Rune/BP_ItAr_Rune_TeleportToNecromancer_World.BP_ItAr_Rune_TeleportToNecromancer_World_C	
符石	ItAr_Rune_TeleportToSunkenTower	Summon /Game/Items/Rune/BP_ItAr_Rune_TeleportToSunkenTower_World.BP_ItAr_Rune_TeleportToSunkenTower_World_C	/Game/Items/Rune/BP_ItAr_Rune_TeleportToSunkenTower_World.BP_ItAr_Rune_TeleportToSunkenTower_World_C	
符石	ItAr_Rune_TeleportToSwampCamp	Summon /Game/Items/Rune/BP_ItAr_Rune_TeleportToSwampCamp_World.BP_ItAr_Rune_TeleportToSwampCamp_World_C	/Game/Items/Rune/BP_ItAr_Rune_TeleportToSwampCamp_World.BP_ItAr_Rune_TeleportToSwampCamp_World_C	
符石	ItAr_Rune_Uriziel	Summon /Game/Items/Rune/BP_ItAr_Rune_Uriziel_World.BP_ItAr_Rune_Uriziel_World_C	/Game/Items/Rune/BP_ItAr_Rune_Uriziel_World.BP_ItAr_Rune_Uriziel_World_C	
符石	ItAr_Rune_UrizielWaveOfDeath	Summon /Game/Items/Rune/BP_ItAr_Rune_UrizielWaveOfDeath_World.BP_ItAr_Rune_UrizielWaveOfDeath_World_C	/Game/Items/Rune/BP_ItAr_Rune_UrizielWaveOfDeath_World.BP_ItAr_Rune_UrizielWaveOfDeath_World_C	
卷轴	ItAr_Scroll_BallLightning	Summon /Game/Items/Scroll/BP_ItAr_Scroll_BallLightning_World.BP_ItAr_Scroll_BallLightning_World_C	/Game/Items/Scroll/BP_ItAr_Scroll_BallLightning_World.BP_ItAr_Scroll_BallLightning_World_C	
卷轴	ItAr_Scroll_ChainLightning	Summon /Game/Items/Scroll/BP_ItAr_Scroll_ChainLightning_World.BP_ItAr_Scroll_ChainLightning_World_C	/Game/Items/Scroll/BP_ItAr_Scroll_ChainLightning_World.BP_ItAr_Scroll_ChainLightning_World_C	
卷轴	ItAr_Scroll_Charm	Summon /Game/Items/Scroll/BP_ItAr_Scroll_Charm_World.BP_ItAr_Scroll_Charm_World_C	/Game/Items/Scroll/BP_ItAr_Scroll_Charm_World.BP_ItAr_Scroll_Charm_World_C	
卷轴	ItAr_Scroll_Control	Summon /Game/Items/Scroll/BP_ItAr_Scroll_Control_World.BP_ItAr_Scroll_Control_World_C	/Game/Items/Scroll/BP_ItAr_Scroll_Control_World.BP_ItAr_Scroll_Control_World_C	
卷轴	ItAr_Scroll_DeathToTheUndead	Summon /Game/Items/Scroll/BP_ItAr_Scroll_DeathToTheUndead_World.BP_ItAr_Scroll_DeathToTheUndead_World_C	/Game/Items/Scroll/BP_ItAr_Scroll_DeathToTheUndead_World.BP_ItAr_Scroll_DeathToTheUndead_World_C	
卷轴	ItAr_Scroll_Fear	Summon /Game/Items/Scroll/BP_ItAr_Scroll_Fear_World.BP_ItAr_Scroll_Fear_World_C	/Game/Items/Scroll/BP_ItAr_Scroll_Fear_World.BP_ItAr_Scroll_Fear_World_C	
卷轴	ItAr_Scroll_FireBall	Summon /Game/Items/Scroll/BP_ItAr_Scroll_FireBall_World.BP_ItAr_Scroll_FireBall_World_C	/Game/Items/Scroll/BP_ItAr_Scroll_FireBall_World.BP_ItAr_Scroll_FireBall_World_C	
卷轴	ItAr_Scroll_FireBolt	Summon /Game/Items/Scroll/BP_ItAr_Scroll_FireBolt_World.BP_ItAr_Scroll_FireBolt_World_C	/Game/Items/Scroll/BP_ItAr_Scroll_FireBolt_World.BP_ItAr_Scroll_FireBolt_World_C	
卷轴	ItAr_Scroll_FireRain	Summon /Game/Items/Scroll/BP_ItAr_Scroll_FireRain_World.BP_ItAr_Scroll_FireRain_World_C	/Game/Items/Scroll/BP_ItAr_Scroll_FireRain_World.BP_ItAr_Scroll_FireRain_World_C	
卷轴	ItAr_Scroll_FistOfWind	Summon /Game/Items/Scroll/BP_ItAr_Scroll_FistOfWind_World.BP_ItAr_Scroll_FistOfWind_World_C	/Game/Items/Scroll/BP_ItAr_Scroll_FistOfWind_World.BP_ItAr_Scroll_FistOfWind_World_C	
卷轴	ItAr_Scroll_Heal	Summon /Game/Items/Scroll/BP_ItAr_Scroll_Heal_World.BP_ItAr_Scroll_Heal_World_C	/Game/Items/Scroll/BP_ItAr_Scroll_Heal_World.BP_ItAr_Scroll_Heal_World_C	
卷轴	ItAr_Scroll_IceBlock	Summon /Game/Items/Scroll/BP_ItAr_Scroll_IceBlock_World.BP_ItAr_Scroll_IceBlock_World_C	/Game/Items/Scroll/BP_ItAr_Scroll_IceBlock_World.BP_ItAr_Scroll_IceBlock_World_C	
卷轴	ItAr_Scroll_IceBolt	Summon /Game/Items/Scroll/BP_ItAr_Scroll_IceBolt_World.BP_ItAr_Scroll_IceBolt_World_C	/Game/Items/Scroll/BP_ItAr_Scroll_IceBolt_World.BP_ItAr_Scroll_IceBolt_World_C	
卷轴	ItAr_Scroll_IceWave	Summon /Game/Items/Scroll/BP_ItAr_Scroll_IceWave_World.BP_ItAr_Scroll_IceWave_World_C	/Game/Items/Scroll/BP_ItAr_Scroll_IceWave_World.BP_ItAr_Scroll_IceWave_World_C	
卷轴	ItAr_Scroll_InnosPray	Summon /Game/Items/Scroll/BP_ItAr_Scroll_InnosPray_World.BP_ItAr_Scroll_InnosPray_World_C	/Game/Items/Scroll/BP_ItAr_Scroll_InnosPray_World.BP_ItAr_Scroll_InnosPray_World_C	
卷轴	ItAr_Scroll_Light	Summon /Game/Items/Scroll/BP_ItAr_Scroll_Light_World.BP_ItAr_Scroll_Light_World_C	/Game/Items/Scroll/BP_ItAr_Scroll_Light_World.BP_ItAr_Scroll_Light_World_C	
卷轴	ItAr_Scroll_Pyrokinesis	Summon /Game/Items/Scroll/BP_ItAr_Scroll_Pyrokinesis_World.BP_ItAr_Scroll_Pyrokinesis_World_C	/Game/Items/Scroll/BP_ItAr_Scroll_Pyrokinesis_World.BP_ItAr_Scroll_Pyrokinesis_World_C	
卷轴	ItAr_Scroll_Shrink	Summon /Game/Items/Scroll/BP_ItAr_Scroll_Shrink_World.BP_ItAr_Scroll_Shrink_World_C	/Game/Items/Scroll/BP_ItAr_Scroll_Shrink_World.BP_ItAr_Scroll_Shrink_World_C	
卷轴	ItAr_Scroll_Sleep	Summon /Game/Items/Scroll/BP_ItAr_Scroll_Sleep_World.BP_ItAr_Scroll_Sleep_World_C	/Game/Items/Scroll/BP_ItAr_Scroll_Sleep_World.BP_ItAr_Scroll_Sleep_World_C	
卷轴	ItAr_Scroll_StormFist	Summon /Game/Items/Scroll/BP_ItAr_Scroll_StormFist_World.BP_ItAr_Scroll_StormFist_World_C	/Game/Items/Scroll/BP_ItAr_Scroll_StormFist_World.BP_ItAr_Scroll_StormFist_World_C	
卷轴	ItAr_Scroll_StormOfFire	Summon /Game/Items/Scroll/BP_ItAr_Scroll_StormOfFire_World.BP_ItAr_Scroll_StormOfFire_World_C	/Game/Items/Scroll/BP_ItAr_Scroll_StormOfFire_World.BP_ItAr_Scroll_StormOfFire_World_C	
卷轴	ItAr_Scroll_SummonArmyOfDarkness	Summon /Game/Items/Scroll/BP_ItAr_Scroll_SummonArmyOfDarkness_World.BP_ItAr_Scroll_SummonArmyOfDarkness_World_C	/Game/Items/Scroll/BP_ItAr_Scroll_SummonArmyOfDarkness_World.BP_ItAr_Scroll_SummonArmyOfDarkness_World_C	
卷轴	ItAr_Scroll_SummonDemon	Summon /Game/Items/Scroll/BP_ItAr_Scroll_SummonDemon_World.BP_ItAr_Scroll_SummonDemon_World_C	/Game/Items/Scroll/BP_ItAr_Scroll_SummonDemon_World.BP_ItAr_Scroll_SummonDemon_World_C	
卷轴	ItAr_Scroll_SummonGolem	Summon /Game/Items/Scroll/BP_ItAr_Scroll_SummonGolem_World.BP_ItAr_Scroll_SummonGolem_World_C	/Game/Items/Scroll/BP_ItAr_Scroll_SummonGolem_World.BP_ItAr_Scroll_SummonGolem_World_C	
卷轴	ItAr_Scroll_SummonSkeletons	Summon /Game/Items/Scroll/BP_ItAr_Scroll_SummonSkeletons_World.BP_ItAr_Scroll_SummonSkeletons_World_C	/Game/Items/Scroll/BP_ItAr_Scroll_SummonSkeletons_World.BP_ItAr_Scroll_SummonSkeletons_World_C	
卷轴	ItAr_Scroll_Telekinesis	Summon /Game/Items/Scroll/BP_ItAr_Scroll_Telekinesis_World.BP_ItAr_Scroll_Telekinesis_World_C	/Game/Items/Scroll/BP_ItAr_Scroll_Telekinesis_World.BP_ItAr_Scroll_Telekinesis_World_C	
卷轴	ItAr_Scroll_TransformBiter	Summon /Game/Items/Scroll/BP_ItAr_Scroll_TransformBiter_World.BP_ItAr_Scroll_TransformBiter_World_C	/Game/Items/Scroll/BP_ItAr_Scroll_TransformBiter_World.BP_ItAr_Scroll_TransformBiter_World_C	
卷轴	ItAr_Scroll_TransformBloodfly	Summon /Game/Items/Scroll/BP_ItAr_Scroll_TransformBloodfly_World.BP_ItAr_Scroll_TransformBloodfly_World_C	/Game/Items/Scroll/BP_ItAr_Scroll_TransformBloodfly_World.BP_ItAr_Scroll_TransformBloodfly_World_C	
卷轴	ItAr_Scroll_TransformBloodhound	Summon /Game/Items/Scroll/BP_ItAr_Scroll_TransformBloodhound_World.BP_ItAr_Scroll_TransformBloodhound_World_C	/Game/Items/Scroll/BP_ItAr_Scroll_TransformBloodhound_World.BP_ItAr_Scroll_TransformBloodhound_World_C	
卷轴	ItAr_Scroll_TransformFireLizard	Summon /Game/Items/Scroll/BP_ItAr_Scroll_TransformFireLizard_World.BP_ItAr_Scroll_TransformFireLizard_World_C	/Game/Items/Scroll/BP_ItAr_Scroll_TransformFireLizard_World.BP_ItAr_Scroll_TransformFireLizard_World_C	
卷轴	ItAr_Scroll_TransformHarpy	Summon /Game/Items/Scroll/BP_ItAr_Scroll_TransformHarpy_World.BP_ItAr_Scroll_TransformHarpy_World_C	/Game/Items/Scroll/BP_ItAr_Scroll_TransformHarpy_World.BP_ItAr_Scroll_TransformHarpy_World_C	
卷轴	ItAr_Scroll_TransformLizard	Summon /Game/Items/Scroll/BP_ItAr_Scroll_TransformLizard_World.BP_ItAr_Scroll_TransformLizard_World_C	/Game/Items/Scroll/BP_ItAr_Scroll_TransformLizard_World.BP_ItAr_Scroll_TransformLizard_World_C	
卷轴	ItAr_Scroll_TransformLurker	Summon /Game/Items/Scroll/BP_ItAr_Scroll_TransformLurker_World.BP_ItAr_Scroll_TransformLurker_World_C	/Game/Items/Scroll/BP_ItAr_Scroll_TransformLurker_World.BP_ItAr_Scroll_TransformLurker_World_C	
卷轴	ItAr_Scroll_TransformMeatbug	Summon /Game/Items/Scroll/BP_ItAr_Scroll_TransformMeatbug_World.BP_ItAr_Scroll_TransformMeatbug_World_C	/Game/Items/Scroll/BP_ItAr_Scroll_TransformMeatbug_World.BP_ItAr_Scroll_TransformMeatbug_World_C	
卷轴	ItAr_Scroll_TransformMinecrawler	Summon /Game/Items/Scroll/BP_ItAr_Scroll_TransformMinecrawler_World.BP_ItAr_Scroll_TransformMinecrawler_World_C	/Game/Items/Scroll/BP_ItAr_Scroll_TransformMinecrawler_World.BP_ItAr_Scroll_TransformMinecrawler_World_C	
卷轴	ItAr_Scroll_TransformMolerat	Summon /Game/Items/Scroll/BP_ItAr_Scroll_TransformMolerat_World.BP_ItAr_Scroll_TransformMolerat_World_C	/Game/Items/Scroll/BP_ItAr_Scroll_TransformMolerat_World.BP_ItAr_Scroll_TransformMolerat_World_C	
卷轴	ItAr_Scroll_TransformOrcDog	Summon /Game/Items/Scroll/BP_ItAr_Scroll_TransformOrcDog_World.BP_ItAr_Scroll_TransformOrcDog_World_C	/Game/Items/Scroll/BP_ItAr_Scroll_TransformOrcDog_World.BP_ItAr_Scroll_TransformOrcDog_World_C	
卷轴	ItAr_Scroll_TransformRazor	Summon /Game/Items/Scroll/BP_ItAr_Scroll_TransformRazor_World.BP_ItAr_Scroll_TransformRazor_World_C	/Game/Items/Scroll/BP_ItAr_Scroll_TransformRazor_World.BP_ItAr_Scroll_TransformRazor_World_C	
卷轴	ItAr_Scroll_TransformScavenger	Summon /Game/Items/Scroll/BP_ItAr_Scroll_TransformScavenger_World.BP_ItAr_Scroll_TransformScavenger_World_C	/Game/Items/Scroll/BP_ItAr_Scroll_TransformScavenger_World.BP_ItAr_Scroll_TransformScavenger_World_C	
卷轴	ItAr_Scroll_TransformShadowbeast	Summon /Game/Items/Scroll/BP_ItAr_Scroll_TransformShadowbeast_World.BP_ItAr_Scroll_TransformShadowbeast_World_C	/Game/Items/Scroll/BP_ItAr_Scroll_TransformShadowbeast_World.BP_ItAr_Scroll_TransformShadowbeast_World_C	
卷轴	ItAr_Scroll_TransformSnapper	Summon /Game/Items/Scroll/BP_ItAr_Scroll_TransformSnapper_World.BP_ItAr_Scroll_TransformSnapper_World_C	/Game/Items/Scroll/BP_ItAr_Scroll_TransformSnapper_World.BP_ItAr_Scroll_TransformSnapper_World_C	
卷轴	ItAr_Scroll_TransformSwampshark	Summon /Game/Items/Scroll/BP_ItAr_Scroll_TransformSwampshark_World.BP_ItAr_Scroll_TransformSwampshark_World_C	/Game/Items/Scroll/BP_ItAr_Scroll_TransformSwampshark_World.BP_ItAr_Scroll_TransformSwampshark_World_C	
卷轴	ItAr_Scroll_TransformWolf	Summon /Game/Items/Scroll/BP_ItAr_Scroll_TransformWolf_World.BP_ItAr_Scroll_TransformWolf_World_C	/Game/Items/Scroll/BP_ItAr_Scroll_TransformWolf_World.BP_ItAr_Scroll_TransformWolf_World_C	
单手武器	ItMw_1H_Axe_01	Summon /Game/Items/Weapon/1Handed/BP_ItMw_1H_Axe_01_World.BP_ItMw_1H_Axe_01_World_C	/Game/Items/Weapon/1Handed/BP_ItMw_1H_Axe_01_World.BP_ItMw_1H_Axe_01_World_C	
单手武器	ItMw_1H_Axe_02	Summon /Game/Items/Weapon/1Handed/BP_ItMw_1H_Axe_02_World.BP_ItMw_1H_Axe_02_World_C	/Game/Items/Weapon/1Handed/BP_ItMw_1H_Axe_02_World.BP_ItMw_1H_Axe_02_World_C	
单手武器	ItMw_1H_Axe_03	Summon /Game/Items/Weapon/1Handed/BP_ItMw_1H_Axe_03_World.BP_ItMw_1H_Axe_03_World_C	/Game/Items/Weapon/1Handed/BP_ItMw_1H_Axe_03_World.BP_ItMw_1H_Axe_03_World_C	
单手武器	ItMw_1H_Axe_Bran	Summon /Game/Items/Weapon/1Handed/BP_ItMw_1H_Axe_Bran_World.BP_ItMw_1H_Axe_Bran_World_C	/Game/Items/Weapon/1Handed/BP_ItMw_1H_Axe_Bran_World.BP_ItMw_1H_Axe_Bran_World_C	
单手武器	ItMw_1H_Axe_Cord	Summon /Game/Items/Weapon/1Handed/BP_ItMw_1H_Axe_Cord_World.BP_ItMw_1H_Axe_Cord_World_C	/Game/Items/Weapon/1Handed/BP_ItMw_1H_Axe_Cord_World.BP_ItMw_1H_Axe_Cord_World_C	
单手武器	ItMw_1H_Axe_Hatchet_01	Summon /Game/Items/Weapon/1Handed/BP_ItMw_1H_Axe_Hatchet_01_World.BP_ItMw_1H_Axe_Hatchet_01_World_C	/Game/Items/Weapon/1Handed/BP_ItMw_1H_Axe_Hatchet_01_World.BP_ItMw_1H_Axe_Hatchet_01_World_C	
单手武器	ItMw_1H_Axe_Lares	Summon /Game/Items/Weapon/1Handed/BP_ItMw_1H_Axe_Lares_World.BP_ItMw_1H_Axe_Lares_World_C	/Game/Items/Weapon/1Handed/BP_ItMw_1H_Axe_Lares_World.BP_ItMw_1H_Axe_Lares_World_C	
单手武器	ItMw_1H_Axe_Old_01	Summon /Game/Items/Weapon/1Handed/BP_ItMw_1H_Axe_Old_01_World.BP_ItMw_1H_Axe_Old_01_World_C	/Game/Items/Weapon/1Handed/BP_ItMw_1H_Axe_Old_01_World.BP_ItMw_1H_Axe_Old_01_World_C	
单手武器	ItMw_1H_Axe_Sickle_01	Summon /Game/Items/Weapon/1Handed/BP_ItMw_1H_Axe_Sickle_01_World.BP_ItMw_1H_Axe_Sickle_01_World_C	/Game/Items/Weapon/1Handed/BP_ItMw_1H_Axe_Sickle_01_World.BP_ItMw_1H_Axe_Sickle_01_World_C	
单手武器	ItMw_1H_Axe_Silas	Summon /Game/Items/Weapon/1Handed/BP_ItMw_1H_Axe_Silas_World.BP_ItMw_1H_Axe_Silas_World_C	/Game/Items/Weapon/1Handed/BP_ItMw_1H_Axe_Silas_World.BP_ItMw_1H_Axe_Silas_World_C	
单手武器	ItMw_1H_Mace_01	Summon /Game/Items/Weapon/1Handed/BP_ItMw_1H_Mace_01_World.BP_ItMw_1H_Mace_01_World_C	/Game/Items/Weapon/1Handed/BP_ItMw_1H_Mace_01_World.BP_ItMw_1H_Mace_01_World_C	
单手武器	ItMw_1H_Mace_02	Summon /Game/Items/Weapon/1Handed/BP_ItMw_1H_Mace_02_World.BP_ItMw_1H_Mace_02_World_C	/Game/Items/Weapon/1Handed/BP_ItMw_1H_Mace_02_World.BP_ItMw_1H_Mace_02_World_C	
单手武器	ItMw_1H_Mace_03	Summon /Game/Items/Weapon/1Handed/BP_ItMw_1H_Mace_03_World.BP_ItMw_1H_Mace_03_World_C	/Game/Items/Weapon/1Handed/BP_ItMw_1H_Mace_03_World.BP_ItMw_1H_Mace_03_World_C	
单手武器	ItMw_1H_Mace_04	Summon /Game/Items/Weapon/1Handed/BP_ItMw_1H_Mace_04_World.BP_ItMw_1H_Mace_04_World_C	/Game/Items/Weapon/1Handed/BP_ItMw_1H_Mace_04_World.BP_ItMw_1H_Mace_04_World_C	
单手武器	ItMw_1H_Mace_Club_01	Summon /Game/Items/Weapon/1Handed/BP_ItMw_1H_Mace_Club_01_World.BP_ItMw_1H_Mace_Club_01_World_C	/Game/Items/Weapon/1Handed/BP_ItMw_1H_Mace_Club_01_World.BP_ItMw_1H_Mace_Club_01_World_C	
单手武器	ItMw_1H_Mace_Fortuno	Summon /Game/Items/Weapon/1Handed/BP_ItMw_1H_Mace_Fortuno_World.BP_ItMw_1H_Mace_Fortuno_World_C	/Game/Items/Weapon/1Handed/BP_ItMw_1H_Mace_Fortuno_World.BP_ItMw_1H_Mace_Fortuno_World_C	
单手武器	ItMw_1H_Mace_Lester	Summon /Game/Items/Weapon/1Handed/BP_ItMw_1H_Mace_Lester_World.BP_ItMw_1H_Mace_Lester_World_C	/Game/Items/Weapon/1Handed/BP_ItMw_1H_Mace_Lester_World.BP_ItMw_1H_Mace_Lester_World_C	
单手武器	ItMw_1H_Mace_Light_01	Summon /Game/Items/Weapon/1Handed/BP_ItMw_1H_Mace_Light_01_World.BP_ItMw_1H_Mace_Light_01_World_C	/Game/Items/Weapon/1Handed/BP_ItMw_1H_Mace_Light_01_World.BP_ItMw_1H_Mace_Light_01_World_C	
单手武器	ItMw_1H_Mace_Nailmace_01	Summon /Game/Items/Weapon/1Handed/BP_ItMw_1H_Mace_Nailmace_01_World.BP_ItMw_1H_Mace_Nailmace_01_World_C	/Game/Items/Weapon/1Handed/BP_ItMw_1H_Mace_Nailmace_01_World.BP_ItMw_1H_Mace_Nailmace_01_World_C	
单手武器	ItMw_1H_Mace_Namib	Summon /Game/Items/Weapon/1Handed/BP_ItMw_1H_Mace_Namib_World.BP_ItMw_1H_Mace_Namib_World_C	/Game/Items/Weapon/1Handed/BP_ItMw_1H_Mace_Namib_World.BP_ItMw_1H_Mace_Namib_World_C	
单手武器	ItMw_1H_Mace_Orun	Summon /Game/Items/Weapon/1Handed/BP_ItMw_1H_Mace_Orun_World.BP_ItMw_1H_Mace_Orun_World_C	/Game/Items/Weapon/1Handed/BP_ItMw_1H_Mace_Orun_World.BP_ItMw_1H_Mace_Orun_World_C	
单手武器	ItMw_1H_Mace_Poker_01	Summon /Game/Items/Weapon/1Handed/BP_ItMw_1H_Mace_Poker_01_World.BP_ItMw_1H_Mace_Poker_01_World_C	/Game/Items/Weapon/1Handed/BP_ItMw_1H_Mace_Poker_01_World.BP_ItMw_1H_Mace_Poker_01_World_C	
单手武器	ItMw_1H_Mace_Sledgehammer_01	Summon /Game/Items/Weapon/1Handed/BP_ItMw_1H_Mace_Sledgehammer_01_World.BP_ItMw_1H_Mace_Sledgehammer_01_World_C	/Game/Items/Weapon/1Handed/BP_ItMw_1H_Mace_Sledgehammer_01_World.BP_ItMw_1H_Mace_Sledgehammer_01_World_C	
单手武器	ItMw_1H_Mace_War_01	Summon /Game/Items/Weapon/1Handed/BP_ItMw_1H_Mace_War_01_World.BP_ItMw_1H_Mace_War_01_World_C	/Game/Items/Weapon/1Handed/BP_ItMw_1H_Mace_War_01_World.BP_ItMw_1H_Mace_War_01_World_C	
单手武器	ItMw_1H_Mace_War_02	Summon /Game/Items/Weapon/1Handed/BP_ItMw_1H_Mace_War_02_World.BP_ItMw_1H_Mace_War_02_World_C	/Game/Items/Weapon/1Handed/BP_ItMw_1H_Mace_War_02_World.BP_ItMw_1H_Mace_War_02_World_C	
单手武器	ItMw_1H_Mace_War_03	Summon /Game/Items/Weapon/1Handed/BP_ItMw_1H_Mace_War_03_World.BP_ItMw_1H_Mace_War_03_World_C	/Game/Items/Weapon/1Handed/BP_ItMw_1H_Mace_War_03_World.BP_ItMw_1H_Mace_War_03_World_C	
单手武器	ItMw_1H_Mace_Warhammer_01	Summon /Game/Items/Weapon/1Handed/BP_ItMw_1H_Mace_Warhammer_01_World.BP_ItMw_1H_Mace_Warhammer_01_World_C	/Game/Items/Weapon/1Handed/BP_ItMw_1H_Mace_Warhammer_01_World.BP_ItMw_1H_Mace_Warhammer_01_World_C	
单手武器	ItMw_1H_Mace_Warhammer_02	Summon /Game/Items/Weapon/1Handed/BP_ItMw_1H_Mace_Warhammer_02_World.BP_ItMw_1H_Mace_Warhammer_02_World_C	/Game/Items/Weapon/1Handed/BP_ItMw_1H_Mace_Warhammer_02_World.BP_ItMw_1H_Mace_Warhammer_02_World_C	
单手武器	ItMw_1H_Mace_Warhammer_03	Summon /Game/Items/Weapon/1Handed/BP_ItMw_1H_Mace_Warhammer_03_World.BP_ItMw_1H_Mace_Warhammer_03_World_C	/Game/Items/Weapon/1Handed/BP_ItMw_1H_Mace_Warhammer_03_World.BP_ItMw_1H_Mace_Warhammer_03_World_C	
单手武器	ItMw_1H_Sword_01	Summon /Game/Items/Weapon/1Handed/BP_ItMw_1H_Sword_01_World.BP_ItMw_1H_Sword_01_World_C	/Game/Items/Weapon/1Handed/BP_ItMw_1H_Sword_01_World.BP_ItMw_1H_Sword_01_World_C	
单手武器	ItMw_1H_Sword_02	Summon /Game/Items/Weapon/1Handed/BP_ItMw_1H_Sword_02_World.BP_ItMw_1H_Sword_02_World_C	/Game/Items/Weapon/1Handed/BP_ItMw_1H_Sword_02_World.BP_ItMw_1H_Sword_02_World_C	
单手武器	ItMw_1H_Sword_03	Summon /Game/Items/Weapon/1Handed/BP_ItMw_1H_Sword_03_World.BP_ItMw_1H_Sword_03_World_C	/Game/Items/Weapon/1Handed/BP_ItMw_1H_Sword_03_World.BP_ItMw_1H_Sword_03_World_C	
单手武器	ItMw_1H_Sword_04	Summon /Game/Items/Weapon/1Handed/BP_ItMw_1H_Sword_04_World.BP_ItMw_1H_Sword_04_World_C	/Game/Items/Weapon/1Handed/BP_ItMw_1H_Sword_04_World.BP_ItMw_1H_Sword_04_World_C	
单手武器	ItMw_1H_Sword_05	Summon /Game/Items/Weapon/1Handed/BP_ItMw_1H_Sword_05_World.BP_ItMw_1H_Sword_05_World_C	/Game/Items/Weapon/1Handed/BP_ItMw_1H_Sword_05_World.BP_ItMw_1H_Sword_05_World_C	
单手武器	ItMw_1H_Sword_Arto	Summon /Game/Items/Weapon/1Handed/BP_ItMw_1H_Sword_Arto_World.BP_ItMw_1H_Sword_Arto_World_C	/Game/Items/Weapon/1Handed/BP_ItMw_1H_Sword_Arto_World.BP_ItMw_1H_Sword_Arto_World_C	
单手武器	ItMw_1H_Sword_Bastard_01	Summon /Game/Items/Weapon/1Handed/BP_ItMw_1H_Sword_Bastard_01_World.BP_ItMw_1H_Sword_Bastard_01_World_C	/Game/Items/Weapon/1Handed/BP_ItMw_1H_Sword_Bastard_01_World.BP_ItMw_1H_Sword_Bastard_01_World_C	
单手武器	ItMw_1H_Sword_Bastard_02	Summon /Game/Items/Weapon/1Handed/BP_ItMw_1H_Sword_Bastard_02_World.BP_ItMw_1H_Sword_Bastard_02_World_C	/Game/Items/Weapon/1Handed/BP_ItMw_1H_Sword_Bastard_02_World.BP_ItMw_1H_Sword_Bastard_02_World_C	
单手武器	ItMw_1H_Sword_Bastard_03	Summon /Game/Items/Weapon/1Handed/BP_ItMw_1H_Sword_Bastard_03_World.BP_ItMw_1H_Sword_Bastard_03_World_C	/Game/Items/Weapon/1Handed/BP_ItMw_1H_Sword_Bastard_03_World.BP_ItMw_1H_Sword_Bastard_03_World_C	
单手武器	ItMw_1H_Sword_Bastard_04	Summon /Game/Items/Weapon/1Handed/BP_ItMw_1H_Sword_Bastard_04_World.BP_ItMw_1H_Sword_Bastard_04_World_C	/Game/Items/Weapon/1Handed/BP_ItMw_1H_Sword_Bastard_04_World.BP_ItMw_1H_Sword_Bastard_04_World_C	狂战士之剑
单手武器	ItMw_1H_Sword_Broad_01	Summon /Game/Items/Weapon/1Handed/BP_ItMw_1H_Sword_Broad_01_World.BP_ItMw_1H_Sword_Broad_01_World_C	/Game/Items/Weapon/1Handed/BP_ItMw_1H_Sword_Broad_01_World.BP_ItMw_1H_Sword_Broad_01_World_C	
单手武器	ItMw_1H_Sword_Broad_02	Summon /Game/Items/Weapon/1Handed/BP_ItMw_1H_Sword_Broad_02_World.BP_ItMw_1H_Sword_Broad_02_World_C	/Game/Items/Weapon/1Handed/BP_ItMw_1H_Sword_Broad_02_World.BP_ItMw_1H_Sword_Broad_02_World_C	
单手武器	ItMw_1H_Sword_Broad_03	Summon /Game/Items/Weapon/1Handed/BP_ItMw_1H_Sword_Broad_03_World.BP_ItMw_1H_Sword_Broad_03_World_C	/Game/Items/Weapon/1Handed/BP_ItMw_1H_Sword_Broad_03_World.BP_ItMw_1H_Sword_Broad_03_World_C	
单手武器	ItMw_1H_Sword_Broad_04	Summon /Game/Items/Weapon/1Handed/BP_ItMw_1H_Sword_Broad_04_World.BP_ItMw_1H_Sword_Broad_04_World_C	/Game/Items/Weapon/1Handed/BP_ItMw_1H_Sword_Broad_04_World.BP_ItMw_1H_Sword_Broad_04_World_C	
单手武器	ItMw_1H_Sword_Kalom	Summon /Game/Items/Weapon/1Handed/BP_ItMw_1H_Sword_Kalom_World.BP_ItMw_1H_Sword_Kalom_World_C	/Game/Items/Weapon/1Handed/BP_ItMw_1H_Sword_Kalom_World.BP_ItMw_1H_Sword_Kalom_World_C	
单手武器	ItMw_1H_Sword_Lightguard_01	Summon /Game/Items/Weapon/1Handed/BP_ItMw_1H_Sword_Lightguard_01_World.BP_ItMw_1H_Sword_Lightguard_01_World_C	/Game/Items/Weapon/1Handed/BP_ItMw_1H_Sword_Lightguard_01_World.BP_ItMw_1H_Sword_Lightguard_01_World_C	
单手武器	ItMw_1H_Sword_Long_01	Summon /Game/Items/Weapon/1Handed/BP_ItMw_1H_Sword_Long_01_World.BP_ItMw_1H_Sword_Long_01_World_C	/Game/Items/Weapon/1Handed/BP_ItMw_1H_Sword_Long_01_World.BP_ItMw_1H_Sword_Long_01_World_C	
单手武器	ItMw_1H_Sword_Long_02	Summon /Game/Items/Weapon/1Handed/BP_ItMw_1H_Sword_Long_02_World.BP_ItMw_1H_Sword_Long_02_World_C	/Game/Items/Weapon/1Handed/BP_ItMw_1H_Sword_Long_02_World.BP_ItMw_1H_Sword_Long_02_World_C	
单手武器	ItMw_1H_Sword_Long_03	Summon /Game/Items/Weapon/1Handed/BP_ItMw_1H_Sword_Long_03_World.BP_ItMw_1H_Sword_Long_03_World_C	/Game/Items/Weapon/1Handed/BP_ItMw_1H_Sword_Long_03_World.BP_ItMw_1H_Sword_Long_03_World_C	
单手武器	ItMw_1H_Sword_Long_04	Summon /Game/Items/Weapon/1Handed/BP_ItMw_1H_Sword_Long_04_World.BP_ItMw_1H_Sword_Long_04_World_C	/Game/Items/Weapon/1Handed/BP_ItMw_1H_Sword_Long_04_World.BP_ItMw_1H_Sword_Long_04_World_C	
单手武器	ItMw_1H_Sword_Long_05	Summon /Game/Items/Weapon/1Handed/BP_ItMw_1H_Sword_Long_05_World.BP_ItMw_1H_Sword_Long_05_World_C	/Game/Items/Weapon/1Handed/BP_ItMw_1H_Sword_Long_05_World.BP_ItMw_1H_Sword_Long_05_World_C	
单手武器	ItMw_1H_Sword_Old_01	Summon /Game/Items/Weapon/1Handed/BP_ItMw_1H_Sword_Old_01_World.BP_ItMw_1H_Sword_Old_01_World_C	/Game/Items/Weapon/1Handed/BP_ItMw_1H_Sword_Old_01_World.BP_ItMw_1H_Sword_Old_01_World_C	
单手武器	ItMw_1H_Sword_Old_02	Summon /Game/Items/Weapon/1Handed/BP_ItMw_1H_Sword_Old_02_World.BP_ItMw_1H_Sword_Old_02_World_C	/Game/Items/Weapon/1Handed/BP_ItMw_1H_Sword_Old_02_World.BP_ItMw_1H_Sword_Old_02_World_C	
单手武器	ItMw_1H_Sword_Paw	Summon /Game/Items/Weapon/1Handed/BP_ItMw_1H_Sword_Paw_World.BP_ItMw_1H_Sword_Paw_World_C	/Game/Items/Weapon/1Handed/BP_ItMw_1H_Sword_Paw_World.BP_ItMw_1H_Sword_Paw_World_C	
单手武器	ItMw_1H_Sword_Raven	Summon /Game/Items/Weapon/1Handed/BP_ItMw_1H_Sword_Raven_World.BP_ItMw_1H_Sword_Raven_World_C	/Game/Items/Weapon/1Handed/BP_ItMw_1H_Sword_Raven_World.BP_ItMw_1H_Sword_Raven_World_C	
单手武器	ItMw_1H_Sword_Scar	Summon /Game/Items/Weapon/1Handed/BP_ItMw_1H_Sword_Scar_World.BP_ItMw_1H_Sword_Scar_World_C	/Game/Items/Weapon/1Handed/BP_ItMw_1H_Sword_Scar_World.BP_ItMw_1H_Sword_Scar_World_C	
单手武器	ItMw_1H_Sword_Scythe_01	Summon /Game/Items/Weapon/1Handed/BP_ItMw_1H_Sword_Scythe_01_World.BP_ItMw_1H_Sword_Scythe_01_World_C	/Game/Items/Weapon/1Handed/BP_ItMw_1H_Sword_Scythe_01_World.BP_ItMw_1H_Sword_Scythe_01_World_C	
单手武器	ItMw_1H_Sword_Short_01	Summon /Game/Items/Weapon/1Handed/BP_ItMw_1H_Sword_Short_01_World.BP_ItMw_1H_Sword_Short_01_World_C	/Game/Items/Weapon/1Handed/BP_ItMw_1H_Sword_Short_01_World.BP_ItMw_1H_Sword_Short_01_World_C	
单手武器	ItMw_1H_Sword_Short_02	Summon /Game/Items/Weapon/1Handed/BP_ItMw_1H_Sword_Short_02_World.BP_ItMw_1H_Sword_Short_02_World_C	/Game/Items/Weapon/1Handed/BP_ItMw_1H_Sword_Short_02_World.BP_ItMw_1H_Sword_Short_02_World_C	
单手武器	ItMw_1H_Sword_Short_03	Summon /Game/Items/Weapon/1Handed/BP_ItMw_1H_Sword_Short_03_World.BP_ItMw_1H_Sword_Short_03_World_C	/Game/Items/Weapon/1Handed/BP_ItMw_1H_Sword_Short_03_World.BP_ItMw_1H_Sword_Short_03_World_C	
单手武器	ItMw_1H_Sword_Short_04	Summon /Game/Items/Weapon/1Handed/BP_ItMw_1H_Sword_Short_04_World.BP_ItMw_1H_Sword_Short_04_World_C	/Game/Items/Weapon/1Handed/BP_ItMw_1H_Sword_Short_04_World.BP_ItMw_1H_Sword_Short_04_World_C	
单手武器	ItMw_1H_Sword_Short_05	Summon /Game/Items/Weapon/1Handed/BP_ItMw_1H_Sword_Short_05_World.BP_ItMw_1H_Sword_Short_05_World_C	/Game/Items/Weapon/1Handed/BP_ItMw_1H_Sword_Short_05_World.BP_ItMw_1H_Sword_Short_05_World_C	
单手武器	ItMw_1H_Sword_Whistler	Summon /Game/Items/Weapon/1Handed/BP_ItMw_1H_Sword_Whistler_World.BP_ItMw_1H_Sword_Whistler_World_C	/Game/Items/Weapon/1Handed/BP_ItMw_1H_Sword_Whistler_World.BP_ItMw_1H_Sword_Whistler_World_C	
单手武器	ItMw_1H_Torch	Summon /Game/Items/Weapon/1Handed/BP_ItMw_1H_Torch_World.BP_ItMw_1H_Torch_World_C	/Game/Items/Weapon/1Handed/BP_ItMw_1H_Torch_World.BP_ItMw_1H_Torch_World_C	
双手武器	ItMw_2H_Axe_Gorn	Summon /Game/Items/Weapon/2Handed/BP_ItMw_2H_Axe_Gorn_World.BP_ItMw_2H_Axe_Gorn_World_C	/Game/Items/Weapon/2Handed/BP_ItMw_2H_Axe_Gorn_World.BP_ItMw_2H_Axe_Gorn_World_C	
双手武器	ItMw_2H_Axe_Heavy_01	Summon /Game/Items/Weapon/2Handed/BP_ItMw_2H_Axe_Heavy_01_World.BP_ItMw_2H_Axe_Heavy_01_World_C	/Game/Items/Weapon/2Handed/BP_ItMw_2H_Axe_Heavy_01_World.BP_ItMw_2H_Axe_Heavy_01_World_C	
双手武器	ItMw_2H_Axe_Heavy_02	Summon /Game/Items/Weapon/2Handed/BP_ItMw_2H_Axe_Heavy_02_World.BP_ItMw_2H_Axe_Heavy_02_World_C	/Game/Items/Weapon/2Handed/BP_ItMw_2H_Axe_Heavy_02_World.BP_ItMw_2H_Axe_Heavy_02_World_C	
双手武器	ItMw_2H_Axe_Heavy_03	Summon /Game/Items/Weapon/2Handed/BP_ItMw_2H_Axe_Heavy_03_World.BP_ItMw_2H_Axe_Heavy_03_World_C	/Game/Items/Weapon/2Handed/BP_ItMw_2H_Axe_Heavy_03_World.BP_ItMw_2H_Axe_Heavy_03_World_C	
双手武器	ItMw_2H_Axe_Heavy_04	Summon /Game/Items/Weapon/2Handed/BP_ItMw_2H_Axe_Heavy_04_World.BP_ItMw_2H_Axe_Heavy_04_World_C	/Game/Items/Weapon/2Handed/BP_ItMw_2H_Axe_Heavy_04_World.BP_ItMw_2H_Axe_Heavy_04_World_C	巨魔之拳
双手武器	ItMw_2H_Axe_Lee	Summon /Game/Items/Weapon/2Handed/BP_ItMw_2H_Axe_Lee_World.BP_ItMw_2H_Axe_Lee_World_C	/Game/Items/Weapon/2Handed/BP_ItMw_2H_Axe_Lee_World.BP_ItMw_2H_Axe_Lee_World_C	
双手武器	ItMw_2H_Axe_Light_01	Summon /Game/Items/Weapon/2Handed/BP_ItMw_2H_Axe_Light_01_World.BP_ItMw_2H_Axe_Light_01_World_C	/Game/Items/Weapon/2Handed/BP_ItMw_2H_Axe_Light_01_World.BP_ItMw_2H_Axe_Light_01_World_C	
双手武器	ItMw_2H_Axe_Light_02	Summon /Game/Items/Weapon/2Handed/BP_ItMw_2H_Axe_Light_02_World.BP_ItMw_2H_Axe_Light_02_World_C	/Game/Items/Weapon/2Handed/BP_ItMw_2H_Axe_Light_02_World.BP_ItMw_2H_Axe_Light_02_World_C	
双手武器	ItMw_2H_Axe_Light_03	Summon /Game/Items/Weapon/2Handed/BP_ItMw_2H_Axe_Light_03_World.BP_ItMw_2H_Axe_Light_03_World_C	/Game/Items/Weapon/2Handed/BP_ItMw_2H_Axe_Light_03_World.BP_ItMw_2H_Axe_Light_03_World_C	
双手武器	ItMw_2H_Axe_Old_01	Summon /Game/Items/Weapon/2Handed/BP_ItMw_2H_Axe_Old_01_World.BP_ItMw_2H_Axe_Old_01_World_C	/Game/Items/Weapon/2Handed/BP_ItMw_2H_Axe_Old_01_World.BP_ItMw_2H_Axe_Old_01_World_C	
双手武器	ItMw_2H_Axe_Old_02	Summon /Game/Items/Weapon/2Handed/BP_ItMw_2H_Axe_Old_02_World.BP_ItMw_2H_Axe_Old_02_World_C	/Game/Items/Weapon/2Handed/BP_ItMw_2H_Axe_Old_02_World.BP_ItMw_2H_Axe_Old_02_World_C	
双手武器	ItMw_2H_Axe_Old_03	Summon /Game/Items/Weapon/2Handed/BP_ItMw_2H_Axe_Old_03_World.BP_ItMw_2H_Axe_Old_03_World_C	/Game/Items/Weapon/2Handed/BP_ItMw_2H_Axe_Old_03_World.BP_ItMw_2H_Axe_Old_03_World_C	
双手武器	ItMw_2H_Axe_Orc_01_vOrc	Summon /Game/Items/Weapon/2Handed/BP_ItMw_2H_Axe_Orc_01_vOrc_World.BP_ItMw_2H_Axe_Orc_01_vOrc_World_C	/Game/Items/Weapon/2Handed/BP_ItMw_2H_Axe_Orc_01_vOrc_World.BP_ItMw_2H_Axe_Orc_01_vOrc_World_C	
双手武器	ItMw_2H_Axe_Orc_01	Summon /Game/Items/Weapon/2Handed/BP_ItMw_2H_Axe_Orc_01_World.BP_ItMw_2H_Axe_Orc_01_World_C	/Game/Items/Weapon/2Handed/BP_ItMw_2H_Axe_Orc_01_World.BP_ItMw_2H_Axe_Orc_01_World_C	
双手武器	ItMw_2H_Axe_Orc_02_vOrc	Summon /Game/Items/Weapon/2Handed/BP_ItMw_2H_Axe_Orc_02_vOrc_World.BP_ItMw_2H_Axe_Orc_02_vOrc_World_C	/Game/Items/Weapon/2Handed/BP_ItMw_2H_Axe_Orc_02_vOrc_World.BP_ItMw_2H_Axe_Orc_02_vOrc_World_C	
双手武器	ItMw_2H_Axe_Orc_02	Summon /Game/Items/Weapon/2Handed/BP_ItMw_2H_Axe_Orc_02_World.BP_ItMw_2H_Axe_Orc_02_World_C	/Game/Items/Weapon/2Handed/BP_ItMw_2H_Axe_Orc_02_World.BP_ItMw_2H_Axe_Orc_02_World_C	
双手武器	ItMw_2H_Axe_Orc_03_vOrc	Summon /Game/Items/Weapon/2Handed/BP_ItMw_2H_Axe_Orc_03_vOrc_World.BP_ItMw_2H_Axe_Orc_03_vOrc_World_C	/Game/Items/Weapon/2Handed/BP_ItMw_2H_Axe_Orc_03_vOrc_World.BP_ItMw_2H_Axe_Orc_03_vOrc_World_C	
双手武器	ItMw_2H_Axe_Orc_03	Summon /Game/Items/Weapon/2Handed/BP_ItMw_2H_Axe_Orc_03_World.BP_ItMw_2H_Axe_Orc_03_World_C	/Game/Items/Weapon/2Handed/BP_ItMw_2H_Axe_Orc_03_World.BP_ItMw_2H_Axe_Orc_03_World_C	
双手武器	ItMw_2H_Axe_Orc_04_vOrc	Summon /Game/Items/Weapon/2Handed/BP_ItMw_2H_Axe_Orc_04_vOrc_World.BP_ItMw_2H_Axe_Orc_04_vOrc_World_C	/Game/Items/Weapon/2Handed/BP_ItMw_2H_Axe_Orc_04_vOrc_World.BP_ItMw_2H_Axe_Orc_04_vOrc_World_C	
双手武器	ItMw_2H_Axe_Orc_04	Summon /Game/Items/Weapon/2Handed/BP_ItMw_2H_Axe_Orc_04_World.BP_ItMw_2H_Axe_Orc_04_World_C	/Game/Items/Weapon/2Handed/BP_ItMw_2H_Axe_Orc_04_World.BP_ItMw_2H_Axe_Orc_04_World_C	
双手武器	ItMw_2H_Axe_Orik	Summon /Game/Items/Weapon/2Handed/BP_ItMw_2H_Axe_Orik_World.BP_ItMw_2H_Axe_Orik_World_C	/Game/Items/Weapon/2Handed/BP_ItMw_2H_Axe_Orik_World.BP_ItMw_2H_Axe_Orik_World_C	
双手武器	ItMw_2H_Axe_Pickaxe	Summon /Game/Items/Weapon/2Handed/BP_ItMw_2H_Axe_Pickaxe_World.BP_ItMw_2H_Axe_Pickaxe_World_C	/Game/Items/Weapon/2Handed/BP_ItMw_2H_Axe_Pickaxe_World.BP_ItMw_2H_Axe_Pickaxe_World_C	
双手武器	ItMw_2H_Axe_Torlof	Summon /Game/Items/Weapon/2Handed/BP_ItMw_2H_Axe_Torlof_World.BP_ItMw_2H_Axe_Torlof_World_C	/Game/Items/Weapon/2Handed/BP_ItMw_2H_Axe_Torlof_World.BP_ItMw_2H_Axe_Torlof_World_C	
双手武器	ItMw_2H_Mace_Orc_01_vOrc	Summon /Game/Items/Weapon/2Handed/BP_ItMw_2H_Mace_Orc_01_vOrc_World.BP_ItMw_2H_Mace_Orc_01_vOrc_World_C	/Game/Items/Weapon/2Handed/BP_ItMw_2H_Mace_Orc_01_vOrc_World.BP_ItMw_2H_Mace_Orc_01_vOrc_World_C	
双手武器	ItMw_2H_Mace_Orc_01	Summon /Game/Items/Weapon/2Handed/BP_ItMw_2H_Mace_Orc_01_World.BP_ItMw_2H_Mace_Orc_01_World_C	/Game/Items/Weapon/2Handed/BP_ItMw_2H_Mace_Orc_01_World.BP_ItMw_2H_Mace_Orc_01_World_C	
双手武器	ItMw_2H_Scepter_Skeletonmage	Summon /Game/Items/Weapon/2Handed/BP_ItMw_2H_Scepter_Skeletonmage_World.BP_ItMw_2H_Scepter_Skeletonmage_World_C	/Game/Items/Weapon/2Handed/BP_ItMw_2H_Scepter_Skeletonmage_World.BP_ItMw_2H_Scepter_Skeletonmage_World_C	
双手武器	ItMw_2H_Staff_02	Summon /Game/Items/Weapon/2Handed/BP_ItMw_2H_Staff_02_World.BP_ItMw_2H_Staff_02_World_C	/Game/Items/Weapon/2Handed/BP_ItMw_2H_Staff_02_World.BP_ItMw_2H_Staff_02_World_C	
双手武器	ItMw_2H_Staff_Orc_vOrc	Summon /Game/Items/Weapon/2Handed/BP_ItMw_2H_Staff_Orc_vOrc_World.BP_ItMw_2H_Staff_Orc_vOrc_World_C	/Game/Items/Weapon/2Handed/BP_ItMw_2H_Staff_Orc_vOrc_World.BP_ItMw_2H_Staff_Orc_vOrc_World_C	
双手武器	ItMw_2H_Staff_Orc	Summon /Game/Items/Weapon/2Handed/BP_ItMw_2H_Staff_Orc_World.BP_ItMw_2H_Staff_Orc_World_C	/Game/Items/Weapon/2Handed/BP_ItMw_2H_Staff_Orc_World.BP_ItMw_2H_Staff_Orc_World_C	
双手武器	ItMw_2H_Staff_Scepter	Summon /Game/Items/Weapon/2Handed/BP_ItMw_2H_Staff_Scepter_World.BP_ItMw_2H_Staff_Scepter_World_C	/Game/Items/Weapon/2Handed/BP_ItMw_2H_Staff_Scepter_World.BP_ItMw_2H_Staff_Scepter_World_C	
双手武器	ItMw_2H_Staff_Ulumulu	Summon /Game/Items/Weapon/2Handed/BP_ItMw_2H_Staff_Ulumulu_World.BP_ItMw_2H_Staff_Ulumulu_World_C	/Game/Items/Weapon/2Handed/BP_ItMw_2H_Staff_Ulumulu_World.BP_ItMw_2H_Staff_Ulumulu_World_C	
双手武器	ItMw_2H_Staff_Unorc_GVArushat_vOrc	Summon /Game/Items/Weapon/2Handed/BP_ItMw_2H_Staff_Unorc_GVArushat_vOrc_World.BP_ItMw_2H_Staff_Unorc_GVArushat_vOrc_World_C	/Game/Items/Weapon/2Handed/BP_ItMw_2H_Staff_Unorc_GVArushat_vOrc_World.BP_ItMw_2H_Staff_Unorc_GVArushat_vOrc_World_C	
双手武器	ItMw_2H_Staff_Unorc_VHashor_vOrc	Summon /Game/Items/Weapon/2Handed/BP_ItMw_2H_Staff_Unorc_VHashor_vOrc_World.BP_ItMw_2H_Staff_Unorc_VHashor_vOrc_World_C	/Game/Items/Weapon/2Handed/BP_ItMw_2H_Staff_Unorc_VHashor_vOrc_World.BP_ItMw_2H_Staff_Unorc_VHashor_vOrc_World_C	
双手武器	ItMw_2H_Staff_Unorc_VKasorg_vOrc	Summon /Game/Items/Weapon/2Handed/BP_ItMw_2H_Staff_Unorc_VKasorg_vOrc_World.BP_ItMw_2H_Staff_Unorc_VKasorg_vOrc_World_C	/Game/Items/Weapon/2Handed/BP_ItMw_2H_Staff_Unorc_VKasorg_vOrc_World.BP_ItMw_2H_Staff_Unorc_VKasorg_vOrc_World_C	
双手武器	ItMw_2H_Staff_Unorc_vOrc	Summon /Game/Items/Weapon/2Handed/BP_ItMw_2H_Staff_Unorc_vOrc_World.BP_ItMw_2H_Staff_Unorc_vOrc_World_C	/Game/Items/Weapon/2Handed/BP_ItMw_2H_Staff_Unorc_vOrc_World.BP_ItMw_2H_Staff_Unorc_vOrc_World_C	
双手武器	ItMw_2H_Staff_Unorc_VRuuushk_vOrc	Summon /Game/Items/Weapon/2Handed/BP_ItMw_2H_Staff_Unorc_VRuuushk_vOrc_World.BP_ItMw_2H_Staff_Unorc_VRuuushk_vOrc_World_C	/Game/Items/Weapon/2Handed/BP_ItMw_2H_Staff_Unorc_VRuuushk_vOrc_World.BP_ItMw_2H_Staff_Unorc_VRuuushk_vOrc_World_C	
双手武器	ItMw_2H_Staff_Unorc_VUnhilqt_vOrc	Summon /Game/Items/Weapon/2Handed/BP_ItMw_2H_Staff_Unorc_VUnhilqt_vOrc_World.BP_ItMw_2H_Staff_Unorc_VUnhilqt_vOrc_World_C	/Game/Items/Weapon/2Handed/BP_ItMw_2H_Staff_Unorc_VUnhilqt_vOrc_World.BP_ItMw_2H_Staff_Unorc_VUnhilqt_vOrc_World_C	
双手武器	ItMw_2H_Staff_Unorc	Summon /Game/Items/Weapon/2Handed/BP_ItMw_2H_Staff_Unorc_World.BP_ItMw_2H_Staff_Unorc_World_C	/Game/Items/Weapon/2Handed/BP_ItMw_2H_Staff_Unorc_World.BP_ItMw_2H_Staff_Unorc_World_C	
双手武器	ItMw_2H_Sword_01	Summon /Game/Items/Weapon/2Handed/BP_ItMw_2H_Sword_01_World.BP_ItMw_2H_Sword_01_World_C	/Game/Items/Weapon/2Handed/BP_ItMw_2H_Sword_01_World.BP_ItMw_2H_Sword_01_World_C	
双手武器	ItMw_2H_Sword_02	Summon /Game/Items/Weapon/2Handed/BP_ItMw_2H_Sword_02_World.BP_ItMw_2H_Sword_02_World_C	/Game/Items/Weapon/2Handed/BP_ItMw_2H_Sword_02_World.BP_ItMw_2H_Sword_02_World_C	
双手武器	ItMw_2H_Sword_03	Summon /Game/Items/Weapon/2Handed/BP_ItMw_2H_Sword_03_World.BP_ItMw_2H_Sword_03_World_C	/Game/Items/Weapon/2Handed/BP_ItMw_2H_Sword_03_World.BP_ItMw_2H_Sword_03_World_C	
双手武器	ItMw_2H_Sword_Beliar	Summon /Game/Items/Weapon/2Handed/BP_ItMw_2H_Sword_Beliar_World.BP_ItMw_2H_Sword_Beliar_World_C	/Game/Items/Weapon/2Handed/BP_ItMw_2H_Sword_Beliar_World.BP_ItMw_2H_Sword_Beliar_World_C	
双手武器	ItMw_2H_Sword_Heavy_01	Summon /Game/Items/Weapon/2Handed/BP_ItMw_2H_Sword_Heavy_01_World.BP_ItMw_2H_Sword_Heavy_01_World_C	/Game/Items/Weapon/2Handed/BP_ItMw_2H_Sword_Heavy_01_World.BP_ItMw_2H_Sword_Heavy_01_World_C	
双手武器	ItMw_2H_Sword_Heavy_02	Summon /Game/Items/Weapon/2Handed/BP_ItMw_2H_Sword_Heavy_02_World.BP_ItMw_2H_Sword_Heavy_02_World_C	/Game/Items/Weapon/2Handed/BP_ItMw_2H_Sword_Heavy_02_World.BP_ItMw_2H_Sword_Heavy_02_World_C	
双手武器	ItMw_2H_Sword_Heavy_03	Summon /Game/Items/Weapon/2Handed/BP_ItMw_2H_Sword_Heavy_03_World.BP_ItMw_2H_Sword_Heavy_03_World_C	/Game/Items/Weapon/2Handed/BP_ItMw_2H_Sword_Heavy_03_World.BP_ItMw_2H_Sword_Heavy_03_World_C	
双手武器	ItMw_2H_Sword_Heavy_04	Summon /Game/Items/Weapon/2Handed/BP_ItMw_2H_Sword_Heavy_04_World.BP_ItMw_2H_Sword_Heavy_04_World_C	/Game/Items/Weapon/2Handed/BP_ItMw_2H_Sword_Heavy_04_World.BP_ItMw_2H_Sword_Heavy_04_World_C	
双手武器	ItMw_2H_Sword_Innos	Summon /Game/Items/Weapon/2Handed/BP_ItMw_2H_Sword_Innos_World.BP_ItMw_2H_Sword_Innos_World_C	/Game/Items/Weapon/2Handed/BP_ItMw_2H_Sword_Innos_World.BP_ItMw_2H_Sword_Innos_World_C	
双手武器	ItMw_2H_Sword_Light_01	Summon /Game/Items/Weapon/2Handed/BP_ItMw_2H_Sword_Light_01_World.BP_ItMw_2H_Sword_Light_01_World_C	/Game/Items/Weapon/2Handed/BP_ItMw_2H_Sword_Light_01_World.BP_ItMw_2H_Sword_Light_01_World_C	
双手武器	ItMw_2H_Sword_Light_02	Summon /Game/Items/Weapon/2Handed/BP_ItMw_2H_Sword_Light_02_World.BP_ItMw_2H_Sword_Light_02_World_C	/Game/Items/Weapon/2Handed/BP_ItMw_2H_Sword_Light_02_World.BP_ItMw_2H_Sword_Light_02_World_C	
双手武器	ItMw_2H_Sword_Light_03	Summon /Game/Items/Weapon/2Handed/BP_ItMw_2H_Sword_Light_03_World.BP_ItMw_2H_Sword_Light_03_World_C	/Game/Items/Weapon/2Handed/BP_ItMw_2H_Sword_Light_03_World.BP_ItMw_2H_Sword_Light_03_World_C	
双手武器	ItMw_2H_Sword_Light_04	Summon /Game/Items/Weapon/2Handed/BP_ItMw_2H_Sword_Light_04_World.BP_ItMw_2H_Sword_Light_04_World_C	/Game/Items/Weapon/2Handed/BP_ItMw_2H_Sword_Light_04_World.BP_ItMw_2H_Sword_Light_04_World_C	
双手武器	ItMw_2H_Sword_Light_05	Summon /Game/Items/Weapon/2Handed/BP_ItMw_2H_Sword_Light_05_World.BP_ItMw_2H_Sword_Light_05_World_C	/Game/Items/Weapon/2Handed/BP_ItMw_2H_Sword_Light_05_World.BP_ItMw_2H_Sword_Light_05_World_C	
双手武器	ItMw_2H_Sword_Old_01	Summon /Game/Items/Weapon/2Handed/BP_ItMw_2H_Sword_Old_01_World.BP_ItMw_2H_Sword_Old_01_World_C	/Game/Items/Weapon/2Handed/BP_ItMw_2H_Sword_Old_01_World.BP_ItMw_2H_Sword_Old_01_World_C	
双手武器	ItMw_2H_Sword_Orc_01_vOrc	Summon /Game/Items/Weapon/2Handed/BP_ItMw_2H_Sword_Orc_01_vOrc_World.BP_ItMw_2H_Sword_Orc_01_vOrc_World_C	/Game/Items/Weapon/2Handed/BP_ItMw_2H_Sword_Orc_01_vOrc_World.BP_ItMw_2H_Sword_Orc_01_vOrc_World_C	
双手武器	ItMw_2H_Sword_Orc_01	Summon /Game/Items/Weapon/2Handed/BP_ItMw_2H_Sword_Orc_01_World.BP_ItMw_2H_Sword_Orc_01_World_C	/Game/Items/Weapon/2Handed/BP_ItMw_2H_Sword_Orc_01_World.BP_ItMw_2H_Sword_Orc_01_World_C	
双手武器	ItMw_2H_Sword_Thorus	Summon /Game/Items/Weapon/2Handed/BP_ItMw_2H_Sword_Thorus_World.BP_ItMw_2H_Sword_Thorus_World_C	/Game/Items/Weapon/2Handed/BP_ItMw_2H_Sword_Thorus_World.BP_ItMw_2H_Sword_Thorus_World_C	
双手武器	ItMw_2H_Sword_Uriziel_01	Summon /Game/Items/Weapon/2Handed/BP_ItMw_2H_Sword_Uriziel_01_World.BP_ItMw_2H_Sword_Uriziel_01_World_C	/Game/Items/Weapon/2Handed/BP_ItMw_2H_Sword_Uriziel_01_World.BP_ItMw_2H_Sword_Uriziel_01_World_C	
双手武器	ItMw_2H_Sword_Uriziel_02	Summon /Game/Items/Weapon/2Handed/BP_ItMw_2H_Sword_Uriziel_02_World.BP_ItMw_2H_Sword_Uriziel_02_World_C	/Game/Items/Weapon/2Handed/BP_ItMw_2H_Sword_Uriziel_02_World.BP_ItMw_2H_Sword_Uriziel_02_World_C	
双手武器	ItMw_2H_Sword_Uriziel_03	Summon /Game/Items/Weapon/2Handed/BP_ItMw_2H_Sword_Uriziel_03_World.BP_ItMw_2H_Sword_Uriziel_03_World_C	/Game/Items/Weapon/2Handed/BP_ItMw_2H_Sword_Uriziel_03_World.BP_ItMw_2H_Sword_Uriziel_03_World_C	
双手武器	ItMw_2H_Sword_Wind	Summon /Game/Items/Weapon/2Handed/BP_ItMw_2H_Sword_Wind_World.BP_ItMw_2H_Sword_Wind_World_C	/Game/Items/Weapon/2Handed/BP_ItMw_2H_Sword_Wind_World.BP_ItMw_2H_Sword_Wind_World_C	
弓	ItRw_Bow_Diego	Summon /Game/Items/Weapon/Ranged/BP_ItRw_Bow_Diego_World.BP_ItRw_Bow_Diego_World_C	/Game/Items/Weapon/Ranged/BP_ItRw_Bow_Diego_World.BP_ItRw_Bow_Diego_World_C	
弓	ItRw_Bow_Long_01	Summon /Game/Items/Weapon/Ranged/BP_ItRw_Bow_Long_01_World.BP_ItRw_Bow_Long_01_World_C	/Game/Items/Weapon/Ranged/BP_ItRw_Bow_Long_01_World.BP_ItRw_Bow_Long_01_World_C	
弓	ItRw_Bow_Long_02	Summon /Game/Items/Weapon/Ranged/BP_ItRw_Bow_Long_02_World.BP_ItRw_Bow_Long_02_World_C	/Game/Items/Weapon/Ranged/BP_ItRw_Bow_Long_02_World.BP_ItRw_Bow_Long_02_World_C	
弓	ItRw_Bow_Long_03	Summon /Game/Items/Weapon/Ranged/BP_ItRw_Bow_Long_03_World.BP_ItRw_Bow_Long_03_World_C	/Game/Items/Weapon/Ranged/BP_ItRw_Bow_Long_03_World.BP_ItRw_Bow_Long_03_World_C	
弓	ItRw_Bow_Long_04	Summon /Game/Items/Weapon/Ranged/BP_ItRw_Bow_Long_04_World.BP_ItRw_Bow_Long_04_World_C	/Game/Items/Weapon/Ranged/BP_ItRw_Bow_Long_04_World.BP_ItRw_Bow_Long_04_World_C	
弓	ItRw_Bow_Long_05	Summon /Game/Items/Weapon/Ranged/BP_ItRw_Bow_Long_05_World.BP_ItRw_Bow_Long_05_World_C	/Game/Items/Weapon/Ranged/BP_ItRw_Bow_Long_05_World.BP_ItRw_Bow_Long_05_World_C	
弓	ItRw_Bow_Long_06	Summon /Game/Items/Weapon/Ranged/BP_ItRw_Bow_Long_06_World.BP_ItRw_Bow_Long_06_World_C	/Game/Items/Weapon/Ranged/BP_ItRw_Bow_Long_06_World.BP_ItRw_Bow_Long_06_World_C	
弓	ItRw_Bow_Long_07	Summon /Game/Items/Weapon/Ranged/BP_ItRw_Bow_Long_07_World.BP_ItRw_Bow_Long_07_World_C	/Game/Items/Weapon/Ranged/BP_ItRw_Bow_Long_07_World.BP_ItRw_Bow_Long_07_World_C	
弓	ItRw_Bow_Long_08	Summon /Game/Items/Weapon/Ranged/BP_ItRw_Bow_Long_08_World.BP_ItRw_Bow_Long_08_World_C	/Game/Items/Weapon/Ranged/BP_ItRw_Bow_Long_08_World.BP_ItRw_Bow_Long_08_World_C	
弓	ItRw_Bow_Long_09	Summon /Game/Items/Weapon/Ranged/BP_ItRw_Bow_Long_09_World.BP_ItRw_Bow_Long_09_World_C	/Game/Items/Weapon/Ranged/BP_ItRw_Bow_Long_09_World.BP_ItRw_Bow_Long_09_World_C	
弓	ItRw_Bow_Long_10	Summon /Game/Items/Weapon/Ranged/BP_ItRw_Bow_Long_10_World.BP_ItRw_Bow_Long_10_World_C	/Game/Items/Weapon/Ranged/BP_ItRw_Bow_Long_10_World.BP_ItRw_Bow_Long_10_World_C	
弓	ItRw_Bow_Long_11	Summon /Game/Items/Weapon/Ranged/BP_ItRw_Bow_Long_11_World.BP_ItRw_Bow_Long_11_World_C	/Game/Items/Weapon/Ranged/BP_ItRw_Bow_Long_11_World.BP_ItRw_Bow_Long_11_World_C	
弓	ItRw_Bow_Long_12	Summon /Game/Items/Weapon/Ranged/BP_ItRw_Bow_Long_12_World.BP_ItRw_Bow_Long_12_World_C	/Game/Items/Weapon/Ranged/BP_ItRw_Bow_Long_12_World.BP_ItRw_Bow_Long_12_World_C	
弓	ItRw_Bow_Small_01	Summon /Game/Items/Weapon/Ranged/BP_ItRw_Bow_Small_01_World.BP_ItRw_Bow_Small_01_World_C	/Game/Items/Weapon/Ranged/BP_ItRw_Bow_Small_01_World.BP_ItRw_Bow_Small_01_World_C	
弓	ItRw_Bow_Small_02	Summon /Game/Items/Weapon/Ranged/BP_ItRw_Bow_Small_02_World.BP_ItRw_Bow_Small_02_World_C	/Game/Items/Weapon/Ranged/BP_ItRw_Bow_Small_02_World.BP_ItRw_Bow_Small_02_World_C	
弓	ItRw_Bow_Small_03	Summon /Game/Items/Weapon/Ranged/BP_ItRw_Bow_Small_03_World.BP_ItRw_Bow_Small_03_World_C	/Game/Items/Weapon/Ranged/BP_ItRw_Bow_Small_03_World.BP_ItRw_Bow_Small_03_World_C	
弓	ItRw_Bow_Small_04	Summon /Game/Items/Weapon/Ranged/BP_ItRw_Bow_Small_04_World.BP_ItRw_Bow_Small_04_World_C	/Game/Items/Weapon/Ranged/BP_ItRw_Bow_Small_04_World.BP_ItRw_Bow_Small_04_World_C	
弓	ItRw_Bow_Small_05	Summon /Game/Items/Weapon/Ranged/BP_ItRw_Bow_Small_05_World.BP_ItRw_Bow_Small_05_World_C	/Game/Items/Weapon/Ranged/BP_ItRw_Bow_Small_05_World.BP_ItRw_Bow_Small_05_World_C	
弓	ItRw_Bow_War_01	Summon /Game/Items/Weapon/Ranged/BP_ItRw_Bow_War_01_World.BP_ItRw_Bow_War_01_World_C	/Game/Items/Weapon/Ranged/BP_ItRw_Bow_War_01_World.BP_ItRw_Bow_War_01_World_C	
弓	ItRw_Bow_War_02	Summon /Game/Items/Weapon/Ranged/BP_ItRw_Bow_War_02_World.BP_ItRw_Bow_War_02_World_C	/Game/Items/Weapon/Ranged/BP_ItRw_Bow_War_02_World.BP_ItRw_Bow_War_02_World_C	
弓	ItRw_Bow_War_03	Summon /Game/Items/Weapon/Ranged/BP_ItRw_Bow_War_03_World.BP_ItRw_Bow_War_03_World_C	/Game/Items/Weapon/Ranged/BP_ItRw_Bow_War_03_World.BP_ItRw_Bow_War_03_World_C	
弓	ItRw_Bow_War_04	Summon /Game/Items/Weapon/Ranged/BP_ItRw_Bow_War_04_World.BP_ItRw_Bow_War_04_World_C	/Game/Items/Weapon/Ranged/BP_ItRw_Bow_War_04_World.BP_ItRw_Bow_War_04_World_C	
弓	ItRw_Bow_War_05	Summon /Game/Items/Weapon/Ranged/BP_ItRw_Bow_War_05_World.BP_ItRw_Bow_War_05_World_C	/Game/Items/Weapon/Ranged/BP_ItRw_Bow_War_05_World.BP_ItRw_Bow_War_05_World_C	
弓	ItRw_Bow_Wolf	Summon /Game/Items/Weapon/Ranged/BP_ItRw_Bow_Wolf_World.BP_ItRw_Bow_Wolf_World_C	/Game/Items/Weapon/Ranged/BP_ItRw_Bow_Wolf_World.BP_ItRw_Bow_Wolf_World_C	
弓	ItRw_Crossbow_01	Summon /Game/Items/Weapon/Ranged/BP_ItRw_Crossbow_01_World.BP_ItRw_Crossbow_01_World_C	/Game/Items/Weapon/Ranged/BP_ItRw_Crossbow_01_World.BP_ItRw_Crossbow_01_World_C	
弓	ItRw_Crossbow_02	Summon /Game/Items/Weapon/Ranged/BP_ItRw_Crossbow_02_World.BP_ItRw_Crossbow_02_World_C	/Game/Items/Weapon/Ranged/BP_ItRw_Crossbow_02_World.BP_ItRw_Crossbow_02_World_C	
弓	ItRw_Crossbow_03	Summon /Game/Items/Weapon/Ranged/BP_ItRw_Crossbow_03_World.BP_ItRw_Crossbow_03_World_C	/Game/Items/Weapon/Ranged/BP_ItRw_Crossbow_03_World.BP_ItRw_Crossbow_03_World_C	
弓	ItRw_Crossbow_04	Summon /Game/Items/Weapon/Ranged/BP_ItRw_Crossbow_04_World.BP_ItRw_Crossbow_04_World_C	/Game/Items/Weapon/Ranged/BP_ItRw_Crossbow_04_World.BP_ItRw_Crossbow_04_World_C	
